test-security	Set up job	﻿2026-10-05T06:24:02.9991765Z Current runner version: '2.337.0'
test-security	Set up job	2026-10-05T06:24:03.0027112Z ##[group]Runner Image Provisioner
test-security	Set up job	2026-10-05T06:24:03.0028653Z Hosted Compute Agent
test-security	Set up job	2026-10-05T06:24:03.0029797Z Version: 20260901.588
test-security	Set up job	2026-10-05T06:24:03.0030813Z Commit: f88ec8081b781fac6c440065ac7ff9e710ce3d0b
test-security	Set up job	2026-10-05T06:24:03.0032095Z Build Date: 2026-09-01T19:56:44Z
test-security	Set up job	2026-10-05T06:24:03.0033363Z Worker ID: {ec6ef95f-46a7-4b9b-9111-5ca48526d9df}
test-security	Set up job	2026-10-05T06:24:03.0034534Z Azure Region: eastus
test-security	Set up job	2026-10-05T06:24:03.0035594Z ##[endgroup]
test-security	Set up job	2026-10-05T06:24:03.0038201Z ##[group]Operating System
test-security	Set up job	2026-10-05T06:24:03.0039837Z Ubuntu
test-security	Set up job	2026-10-05T06:24:03.0040753Z 24.04.5
test-security	Set up job	2026-10-05T06:24:03.0041602Z LTS
test-security	Set up job	2026-10-05T06:24:03.0042611Z ##[endgroup]
test-security	Set up job	2026-10-05T06:24:03.0043479Z ##[group]Runner Image
test-security	Set up job	2026-10-05T06:24:03.0044582Z Image: ubuntu-24.04
test-security	Set up job	2026-10-05T06:24:03.0045555Z Version: 20260927.320.1
test-security	Set up job	2026-10-05T06:24:03.0047326Z Included Software: https://github.com/actions/runner-images/blob/ubuntu24/20260927.320/images/ubuntu/Ubuntu2404-Readme.md
test-security	Set up job	2026-10-05T06:24:03.0050767Z Image Release: https://github.com/actions/runner-images/releases/tag/ubuntu24%2F20260927.320
test-security	Set up job	2026-10-05T06:24:03.0052599Z ##[endgroup]
test-security	Set up job	2026-10-05T06:24:03.0054433Z ##[group]GITHUB_TOKEN Permissions
test-security	Set up job	2026-10-05T06:24:03.0057380Z Contents: read
test-security	Set up job	2026-10-05T06:24:03.0058592Z Metadata: read
test-security	Set up job	2026-10-05T06:24:03.0059602Z ##[endgroup]
test-security	Set up job	2026-10-05T06:24:03.0062606Z Secret source: Actions
test-security	Set up job	2026-10-05T06:24:03.0064153Z Cache mode: write
test-security	Set up job	2026-10-05T06:24:03.0065593Z Prepare workflow directory
test-security	Set up job	2026-10-05T06:24:03.0544985Z Prepare all required actions
test-security	Set up job	2026-10-05T06:24:03.0616429Z Getting action download info
test-security	Set up job	2026-10-05T06:24:03.2912112Z Download action repository 'actions/checkout@v4' (SHA:11d5960a326750d5838078e36cf38b85af677262)
test-security	Set up job	2026-10-05T06:24:03.4065131Z Download action repository 'actions/setup-python@v5' (SHA:a26af69be951a213d495a4c3e4e4022e16d87065)
test-security	Set up job	2026-10-05T06:24:03.4831614Z Download action repository 'actions/upload-artifact@v4' (SHA:ea165f8d65b6e75b540449e92b4886f43607fa02)
test-security	Set up job	2026-10-05T06:24:03.6981156Z Complete job name: test-security
test-security	Run actions/checkout@v4	﻿2026-10-05T06:24:03.7754460Z ##[group]Run actions/checkout@v4
test-security	Run actions/checkout@v4	2026-10-05T06:24:03.7755351Z with:
test-security	Run actions/checkout@v4	2026-10-05T06:24:03.7755813Z   repository: rajasurya-rjs/devops-heros
test-security	Run actions/checkout@v4	2026-10-05T06:24:03.7759857Z   token: ***
test-security	Run actions/checkout@v4	2026-10-05T06:24:03.7760293Z   ssh-strict: true
test-security	Run actions/checkout@v4	2026-10-05T06:24:03.7760728Z   ssh-user: git
test-security	Run actions/checkout@v4	2026-10-05T06:24:03.7761164Z   persist-credentials: true
test-security	Run actions/checkout@v4	2026-10-05T06:24:03.7761644Z   clean: true
test-security	Run actions/checkout@v4	2026-10-05T06:24:03.7762082Z   sparse-checkout-cone-mode: true
test-security	Run actions/checkout@v4	2026-10-05T06:24:03.7762599Z   fetch-depth: 1
test-security	Run actions/checkout@v4	2026-10-05T06:24:03.7763013Z   fetch-tags: false
test-security	Run actions/checkout@v4	2026-10-05T06:24:03.7763444Z   show-progress: true
test-security	Run actions/checkout@v4	2026-10-05T06:24:03.7763878Z   lfs: false
test-security	Run actions/checkout@v4	2026-10-05T06:24:03.7764281Z   submodules: false
test-security	Run actions/checkout@v4	2026-10-05T06:24:03.7764725Z   set-safe-directory: true
test-security	Run actions/checkout@v4	2026-10-05T06:24:03.7765222Z   allow-unsafe-pr-checkout: false
test-security	Run actions/checkout@v4	2026-10-05T06:24:03.7765988Z ##[endgroup]
test-security	Run actions/checkout@v4	2026-10-05T06:24:03.8776827Z Syncing repository: rajasurya-rjs/devops-heros
test-security	Run actions/checkout@v4	2026-10-05T06:24:03.8779759Z ##[group]Getting Git version info
test-security	Run actions/checkout@v4	2026-10-05T06:24:03.8781032Z Working directory is '/home/runner/work/devops-heros/devops-heros'
test-security	Run actions/checkout@v4	2026-10-05T06:24:03.8782819Z [command]/usr/bin/git version
test-security	Run actions/checkout@v4	2026-10-05T06:24:03.8854308Z git version 2.55.0
test-security	Run actions/checkout@v4	2026-10-05T06:24:03.8884881Z ##[endgroup]
test-security	Run actions/checkout@v4	2026-10-05T06:24:03.8901424Z Temporarily overriding HOME='/home/runner/work/_temp/07d1df01-3d32-4c25-b116-fe1e2fb3767e' before making global git config changes
test-security	Run actions/checkout@v4	2026-10-05T06:24:03.8903858Z Adding repository directory to the temporary git global config as a safe directory
test-security	Run actions/checkout@v4	2026-10-05T06:24:03.8908457Z [command]/usr/bin/git config --global --add safe.directory /home/runner/work/devops-heros/devops-heros
test-security	Run actions/checkout@v4	2026-10-05T06:24:03.8965106Z Deleting the contents of '/home/runner/work/devops-heros/devops-heros'
test-security	Run actions/checkout@v4	2026-10-05T06:24:03.8971219Z ##[group]Initializing the repository
test-security	Run actions/checkout@v4	2026-10-05T06:24:03.8976451Z [command]/usr/bin/git init /home/runner/work/devops-heros/devops-heros
test-security	Run actions/checkout@v4	2026-10-05T06:24:03.9086768Z hint: Using 'master' as the name for the initial branch. This default branch name
test-security	Run actions/checkout@v4	2026-10-05T06:24:03.9089331Z hint: will change to "main" in Git 3.0. To configure the initial branch name
test-security	Run actions/checkout@v4	2026-10-05T06:24:03.9090976Z hint: to use in all of your new repositories, which will suppress this warning,
test-security	Run actions/checkout@v4	2026-10-05T06:24:03.9092263Z hint: call:
test-security	Run actions/checkout@v4	2026-10-05T06:24:03.9093226Z hint:
test-security	Run actions/checkout@v4	2026-10-05T06:24:03.9094225Z hint: 	git config --global init.defaultBranch <name>
test-security	Run actions/checkout@v4	2026-10-05T06:24:03.9095356Z hint:
test-security	Run actions/checkout@v4	2026-10-05T06:24:03.9096423Z hint: Names commonly chosen instead of 'master' are 'main', 'trunk' and
test-security	Run actions/checkout@v4	2026-10-05T06:24:03.9098462Z hint: 'development'. The just-created branch can be renamed via this command:
test-security	Run actions/checkout@v4	2026-10-05T06:24:03.9099842Z hint:
test-security	Run actions/checkout@v4	2026-10-05T06:24:03.9100680Z hint: 	git branch -m <name>
test-security	Run actions/checkout@v4	2026-10-05T06:24:03.9101544Z hint:
test-security	Run actions/checkout@v4	2026-10-05T06:24:03.9102681Z hint: Disable this message with "git config set advice.defaultBranchName false"
test-security	Run actions/checkout@v4	2026-10-05T06:24:03.9104489Z Initialized empty Git repository in /home/runner/work/devops-heros/devops-heros/.git/
test-security	Run actions/checkout@v4	2026-10-05T06:24:03.9108730Z [command]/usr/bin/git remote add origin https://github.com/rajasurya-rjs/devops-heros
test-security	Run actions/checkout@v4	2026-10-05T06:24:03.9161944Z ##[endgroup]
test-security	Run actions/checkout@v4	2026-10-05T06:24:03.9163287Z ##[group]Disabling automatic garbage collection
test-security	Run actions/checkout@v4	2026-10-05T06:24:03.9166268Z [command]/usr/bin/git config --local gc.auto 0
test-security	Run actions/checkout@v4	2026-10-05T06:24:03.9199746Z ##[endgroup]
test-security	Run actions/checkout@v4	2026-10-05T06:24:03.9201082Z ##[group]Setting up auth
test-security	Run actions/checkout@v4	2026-10-05T06:24:03.9219278Z [command]/usr/bin/git config --local --name-only --get-regexp core\.sshCommand
test-security	Run actions/checkout@v4	2026-10-05T06:24:03.9252115Z [command]/usr/bin/git submodule foreach --recursive sh -c "git config --local --name-only --get-regexp 'core\.sshCommand' && git config --local --unset-all 'core.sshCommand' || :"
test-security	Run actions/checkout@v4	2026-10-05T06:24:03.9689973Z [command]/usr/bin/git config --local --name-only --get-regexp http\.https\:\/\/github\.com\/\.extraheader
test-security	Run actions/checkout@v4	2026-10-05T06:24:03.9726620Z [command]/usr/bin/git submodule foreach --recursive sh -c "git config --local --name-only --get-regexp 'http\.https\:\/\/github\.com\/\.extraheader' && git config --local --unset-all 'http.https://github.com/.extraheader' || :"
test-security	Run actions/checkout@v4	2026-10-05T06:24:03.9967332Z [command]/usr/bin/git config --local --name-only --get-regexp ^includeIf\.gitdir:
test-security	Run actions/checkout@v4	2026-10-05T06:24:04.0007675Z [command]/usr/bin/git submodule foreach --recursive git config --local --show-origin --name-only --get-regexp remote.origin.url
test-security	Run actions/checkout@v4	2026-10-05T06:24:04.0262476Z [command]/usr/bin/git config --local http.https://github.com/.extraheader AUTHORIZATION: basic ***
test-security	Run actions/checkout@v4	2026-10-05T06:24:04.0308721Z ##[endgroup]
test-security	Run actions/checkout@v4	2026-10-05T06:24:04.0310305Z ##[group]Fetching the repository
test-security	Run actions/checkout@v4	2026-10-05T06:24:04.0320371Z [command]/usr/bin/git -c protocol.version=2 fetch --no-tags --prune --no-recurse-submodules --depth=1 origin +e1b3f65fc09b6226b28141fc6748c03ceda87c93:refs/remotes/origin/main
test-security	Run actions/checkout@v4	2026-10-05T06:24:04.8062505Z From https://github.com/rajasurya-rjs/devops-heros
test-security	Run actions/checkout@v4	2026-10-05T06:24:04.8064706Z  * [new ref]         e1b3f65fc09b6226b28141fc6748c03ceda87c93 -> origin/main
test-security	Run actions/checkout@v4	2026-10-05T06:24:04.8070803Z ##[endgroup]
test-security	Run actions/checkout@v4	2026-10-05T06:24:04.8072838Z ##[group]Determining the checkout info
test-security	Run actions/checkout@v4	2026-10-05T06:24:04.8074757Z ##[endgroup]
test-security	Run actions/checkout@v4	2026-10-05T06:24:04.8079193Z [command]/usr/bin/git sparse-checkout disable
test-security	Run actions/checkout@v4	2026-10-05T06:24:04.8144596Z [command]/usr/bin/git config --local --unset-all extensions.worktreeConfig
test-security	Run actions/checkout@v4	2026-10-05T06:24:04.8183173Z ##[group]Checking out the ref
test-security	Run actions/checkout@v4	2026-10-05T06:24:04.8188974Z [command]/usr/bin/git checkout --progress --force -B main refs/remotes/origin/main
test-security	Run actions/checkout@v4	2026-10-05T06:24:05.0239279Z Switched to a new branch 'main'
test-security	Run actions/checkout@v4	2026-10-05T06:24:05.0243768Z branch 'main' set up to track 'origin/main'.
test-security	Run actions/checkout@v4	2026-10-05T06:24:05.0260302Z ##[endgroup]
test-security	Run actions/checkout@v4	2026-10-05T06:24:05.0308551Z [command]/usr/bin/git log -1 --format=%H
test-security	Run actions/checkout@v4	2026-10-05T06:24:05.0336268Z e1b3f65fc09b6226b28141fc6748c03ceda87c93
test-security	Run actions/setup-python@v5	﻿2026-10-05T06:24:05.0795021Z ##[group]Run actions/setup-python@v5
test-security	Run actions/setup-python@v5	2026-10-05T06:24:05.0796440Z with:
test-security	Run actions/setup-python@v5	2026-10-05T06:24:05.0797413Z   python-version: 3.13
test-security	Run actions/setup-python@v5	2026-10-05T06:24:05.0798758Z   check-latest: false
test-security	Run actions/setup-python@v5	2026-10-05T06:24:05.0808199Z   token: ***
test-security	Run actions/setup-python@v5	2026-10-05T06:24:05.0809225Z   update-environment: true
test-security	Run actions/setup-python@v5	2026-10-05T06:24:05.0811623Z   allow-prereleases: false
test-security	Run actions/setup-python@v5	2026-10-05T06:24:05.0813155Z   freethreaded: false
test-security	Run actions/setup-python@v5	2026-10-05T06:24:05.0814200Z ##[endgroup]
test-security	Run actions/setup-python@v5	2026-10-05T06:24:05.2172939Z ##[group]Installed versions
test-security	Run actions/setup-python@v5	2026-10-05T06:24:05.2259346Z (node:2352) [DEP0040] DeprecationWarning: The `punycode` module is deprecated. Please use a userland alternative instead.
test-security	Run actions/setup-python@v5	2026-10-05T06:24:05.2263412Z (Use `node --trace-deprecation ...` to show where the warning was created)
test-security	Run actions/setup-python@v5	2026-10-05T06:24:05.2266059Z Successfully set up CPython (3.13.15)
test-security	Run actions/setup-python@v5	2026-10-05T06:24:05.2269120Z ##[endgroup]
test-security	Unit and API tests	﻿2026-10-05T06:24:05.2489176Z ##[group]Run set -o pipefail
test-security	Unit and API tests	2026-10-05T06:24:05.2490513Z [36;1mset -o pipefail[0m
test-security	Unit and API tests	2026-10-05T06:24:05.2491580Z [36;1mmkdir -p reports[0m
test-security	Unit and API tests	2026-10-05T06:24:05.2493497Z [36;1mpython -m unittest discover -s final-devops-project/application/tests -v 2>&1 | tee reports/tests.txt[0m
test-security	Unit and API tests	2026-10-05T06:24:05.2825749Z shell: /usr/bin/bash -e {0}
test-security	Unit and API tests	2026-10-05T06:24:05.2826899Z env:
test-security	Unit and API tests	2026-10-05T06:24:05.2828281Z   pythonLocation: /opt/hostedtoolcache/Python/3.13.15/x64
test-security	Unit and API tests	2026-10-05T06:24:05.2830017Z   PKG_CONFIG_PATH: /opt/hostedtoolcache/Python/3.13.15/x64/lib/pkgconfig
test-security	Unit and API tests	2026-10-05T06:24:05.2831758Z   Python_ROOT_DIR: /opt/hostedtoolcache/Python/3.13.15/x64
test-security	Unit and API tests	2026-10-05T06:24:05.2833307Z   Python2_ROOT_DIR: /opt/hostedtoolcache/Python/3.13.15/x64
test-security	Unit and API tests	2026-10-05T06:24:05.2834882Z   Python3_ROOT_DIR: /opt/hostedtoolcache/Python/3.13.15/x64
test-security	Unit and API tests	2026-10-05T06:24:05.2836474Z   LD_LIBRARY_PATH: /opt/hostedtoolcache/Python/3.13.15/x64/lib
test-security	Unit and API tests	2026-10-05T06:24:05.2837808Z ##[endgroup]
test-security	Unit and API tests	2026-10-05T06:24:05.6552364Z test_crud (test_api.APITests.test_crud) ... {"component": "http", "message": "\"POST /api/notes HTTP/1.1\" 201 -"}
test-security	Unit and API tests	2026-10-05T06:24:05.6562566Z {"component": "http", "message": "\"GET /api/notes HTTP/1.1\" 200 -"}
test-security	Unit and API tests	2026-10-05T06:24:05.6580826Z {"component": "http", "message": "\"PUT /api/notes/1 HTTP/1.1\" 200 -"}
test-security	Unit and API tests	2026-10-05T06:24:05.6590252Z {"component": "http", "message": "\"GET /api/notes HTTP/1.1\" 200 -"}
test-security	Unit and API tests	2026-10-05T06:24:05.6606608Z {"component": "http", "message": "\"DELETE /api/notes/1 HTTP/1.1\" 200 -"}
test-security	Unit and API tests	2026-10-05T06:24:05.6616384Z {"component": "http", "message": "\"DELETE /api/notes/1 HTTP/1.1\" 404 -"}
test-security	Unit and API tests	2026-10-05T06:24:05.6618985Z ok
test-security	Unit and API tests	2026-10-05T06:24:05.6627160Z test_empty_note_rejected (test_api.APITests.test_empty_note_rejected) ... {"component": "http", "message": "\"POST /api/notes HTTP/1.1\" 400 -"}
test-security	Unit and API tests	2026-10-05T06:24:05.6631183Z ok
test-security	Unit and API tests	2026-10-05T06:24:05.6635680Z test_health (test_api.APITests.test_health) ... {"component": "http", "message": "\"GET /health HTTP/1.1\" 200 -"}
test-security	Unit and API tests	2026-10-05T06:24:05.6638361Z ok
test-security	Unit and API tests	2026-10-05T06:24:05.6646466Z test_home_page (test_api.APITests.test_home_page) ... {"component": "http", "message": "\"GET / HTTP/1.1\" 200 -"}
test-security	Unit and API tests	2026-10-05T06:24:05.6649977Z ok
test-security	Unit and API tests	2026-10-05T06:24:05.6655246Z test_long_note_rejected (test_api.APITests.test_long_note_rejected) ... {"component": "http", "message": "\"POST /api/notes HTTP/1.1\" 400 -"}
test-security	Unit and API tests	2026-10-05T06:24:05.6659160Z ok
test-security	Unit and API tests	2026-10-05T06:24:05.6664149Z test_metrics (test_api.APITests.test_metrics) ... {"component": "http", "message": "\"GET /metrics HTTP/1.1\" 200 -"}
test-security	Unit and API tests	2026-10-05T06:24:05.6668277Z ok
test-security	Unit and API tests	2026-10-05T06:24:05.6683178Z test_sql_is_data (test_api.APITests.test_sql_is_data) ... {"component": "http", "message": "\"POST /api/notes HTTP/1.1\" 201 -"}
test-security	Unit and API tests	2026-10-05T06:24:05.6692544Z {"component": "http", "message": "\"GET /api/notes HTTP/1.1\" 200 -"}
test-security	Unit and API tests	2026-10-05T06:24:05.6695024Z ok
test-security	Unit and API tests	2026-10-05T06:24:05.6701558Z test_unknown_route (test_api.APITests.test_unknown_route) ... {"component": "http", "message": "\"GET /does-not-exist HTTP/1.1\" 404 -"}
test-security	Unit and API tests	2026-10-05T06:24:05.6704506Z ok
test-security	Unit and API tests	2026-10-05T06:24:05.6713259Z test_update_missing (test_api.APITests.test_update_missing) ... {"component": "http", "message": "\"PUT /api/notes/99999 HTTP/1.1\" 404 -"}
test-security	Unit and API tests	2026-10-05T06:24:05.6716074Z ok
test-security	Unit and API tests	2026-10-05T06:24:06.1715136Z 
test-security	Unit and API tests	2026-10-05T06:24:06.1716074Z ----------------------------------------------------------------------
test-security	Unit and API tests	2026-10-05T06:24:06.1716943Z Ran 9 tests in 0.545s
test-security	Unit and API tests	2026-10-05T06:24:06.1717591Z 
test-security	Unit and API tests	2026-10-05T06:24:06.1717702Z OK
test-security	Install security tools	﻿2026-10-05T06:24:06.1913669Z ##[group]Run pip install bandit pip-audit
test-security	Install security tools	2026-10-05T06:24:06.1914135Z [36;1mpip install bandit pip-audit[0m
test-security	Install security tools	2026-10-05T06:24:06.1980300Z shell: /usr/bin/bash -e {0}
test-security	Install security tools	2026-10-05T06:24:06.1980621Z env:
test-security	Install security tools	2026-10-05T06:24:06.1980942Z   pythonLocation: /opt/hostedtoolcache/Python/3.13.15/x64
test-security	Install security tools	2026-10-05T06:24:06.1981449Z   PKG_CONFIG_PATH: /opt/hostedtoolcache/Python/3.13.15/x64/lib/pkgconfig
test-security	Install security tools	2026-10-05T06:24:06.1981944Z   Python_ROOT_DIR: /opt/hostedtoolcache/Python/3.13.15/x64
test-security	Install security tools	2026-10-05T06:24:06.1982375Z   Python2_ROOT_DIR: /opt/hostedtoolcache/Python/3.13.15/x64
test-security	Install security tools	2026-10-05T06:24:06.1982812Z   Python3_ROOT_DIR: /opt/hostedtoolcache/Python/3.13.15/x64
test-security	Install security tools	2026-10-05T06:24:06.1983252Z   LD_LIBRARY_PATH: /opt/hostedtoolcache/Python/3.13.15/x64/lib
test-security	Install security tools	2026-10-05T06:24:06.1983670Z ##[endgroup]
test-security	Install security tools	2026-10-05T06:24:07.0266609Z Collecting bandit
test-security	Install security tools	2026-10-05T06:24:07.0751527Z   Downloading bandit-1.9.4-py3-none-any.whl.metadata (7.1 kB)
test-security	Install security tools	2026-10-05T06:24:07.0976524Z Collecting pip-audit
test-security	Install security tools	2026-10-05T06:24:07.1012848Z   Downloading pip_audit-2.10.1-py3-none-any.whl.metadata (28 kB)
test-security	Install security tools	2026-10-05T06:24:07.1520767Z Collecting PyYAML>=5.3.1 (from bandit)
test-security	Install security tools	2026-10-05T06:24:07.1557189Z   Downloading pyyaml-6.0.3-cp313-cp313-manylinux2014_x86_64.manylinux_2_17_x86_64.manylinux_2_28_x86_64.whl.metadata (2.4 kB)
test-security	Install security tools	2026-10-05T06:24:07.1799605Z Collecting stevedore>=1.20.0 (from bandit)
test-security	Install security tools	2026-10-05T06:24:07.1834585Z   Downloading stevedore-5.9.1-py3-none-any.whl.metadata (2.3 kB)
test-security	Install security tools	2026-10-05T06:24:07.2180850Z Collecting rich (from bandit)
test-security	Install security tools	2026-10-05T06:24:07.2218228Z   Downloading rich-15.0.0-py3-none-any.whl.metadata (18 kB)
test-security	Install security tools	2026-10-05T06:24:07.2385943Z Collecting CacheControl>=0.13.0 (from CacheControl[filecache]>=0.13.0->pip-audit)
test-security	Install security tools	2026-10-05T06:24:07.2422776Z   Downloading cachecontrol-0.14.4-py3-none-any.whl.metadata (3.1 kB)
test-security	Install security tools	2026-10-05T06:24:07.2731992Z Collecting cyclonedx-python-lib<12,>=5 (from pip-audit)
test-security	Install security tools	2026-10-05T06:24:07.2768874Z   Downloading cyclonedx_python_lib-11.12.0-py3-none-any.whl.metadata (6.9 kB)
test-security	Install security tools	2026-10-05T06:24:07.2928101Z Collecting packaging>=23.0.0 (from pip-audit)
test-security	Install security tools	2026-10-05T06:24:07.2961778Z   Downloading packaging-26.3-py3-none-any.whl.metadata (3.5 kB)
test-security	Install security tools	2026-10-05T06:24:07.3093651Z Collecting pip-api>=0.0.28 (from pip-audit)
test-security	Install security tools	2026-10-05T06:24:07.3127969Z   Downloading pip_api-0.0.35-py3-none-any.whl.metadata (17 kB)
test-security	Install security tools	2026-10-05T06:24:07.3258665Z Collecting pip-requirements-parser>=32.0.0 (from pip-audit)
test-security	Install security tools	2026-10-05T06:24:07.3293928Z   Downloading pip_requirements_parser-32.0.1-py3-none-any.whl.metadata (9.3 kB)
test-security	Install security tools	2026-10-05T06:24:07.3506573Z Collecting requests>=2.31.0 (from pip-audit)
test-security	Install security tools	2026-10-05T06:24:07.3542324Z   Downloading requests-2.34.2-py3-none-any.whl.metadata (4.8 kB)
test-security	Install security tools	2026-10-05T06:24:07.3798601Z Collecting tomli>=2.2.1 (from pip-audit)
test-security	Install security tools	2026-10-05T06:24:07.3834919Z   Downloading tomli-2.4.1-cp313-cp313-manylinux2014_x86_64.manylinux_2_17_x86_64.manylinux_2_28_x86_64.whl.metadata (10 kB)
test-security	Install security tools	2026-10-05T06:24:07.3945189Z Collecting tomli-w>=1.2.0 (from pip-audit)
test-security	Install security tools	2026-10-05T06:24:07.3979880Z   Downloading tomli_w-1.2.0-py3-none-any.whl.metadata (5.7 kB)
test-security	Install security tools	2026-10-05T06:24:07.4165748Z Collecting platformdirs>=4.2.0 (from pip-audit)
test-security	Install security tools	2026-10-05T06:24:07.4203730Z   Downloading platformdirs-4.12.3-py3-none-any.whl.metadata (5.5 kB)
test-security	Install security tools	2026-10-05T06:24:07.4355603Z Collecting license-expression<31,>=30 (from cyclonedx-python-lib<12,>=5->pip-audit)
test-security	Install security tools	2026-10-05T06:24:07.4391359Z   Downloading license_expression-30.4.4-py3-none-any.whl.metadata (11 kB)
test-security	Install security tools	2026-10-05T06:24:07.4560212Z Collecting packageurl-python<2,>=0.11 (from cyclonedx-python-lib<12,>=5->pip-audit)
test-security	Install security tools	2026-10-05T06:24:07.4592263Z   Downloading packageurl_python-0.17.6-py3-none-any.whl.metadata (5.1 kB)
test-security	Install security tools	2026-10-05T06:24:07.4771986Z Collecting py-serializable<3.0.0,>=2.1.0 (from cyclonedx-python-lib<12,>=5->pip-audit)
test-security	Install security tools	2026-10-05T06:24:07.4806842Z   Downloading py_serializable-2.1.0-py3-none-any.whl.metadata (4.3 kB)
test-security	Install security tools	2026-10-05T06:24:07.4967745Z Collecting sortedcontainers<3.0.0,>=2.4.0 (from cyclonedx-python-lib<12,>=5->pip-audit)
test-security	Install security tools	2026-10-05T06:24:07.5005471Z   Downloading sortedcontainers-2.4.0-py2.py3-none-any.whl.metadata (10 kB)
test-security	Install security tools	2026-10-05T06:24:07.5140120Z Collecting boolean.py>=4.0 (from license-expression<31,>=30->cyclonedx-python-lib<12,>=5->pip-audit)
test-security	Install security tools	2026-10-05T06:24:07.5174439Z   Downloading boolean_py-5.0-py3-none-any.whl.metadata (2.3 kB)
test-security	Install security tools	2026-10-05T06:24:07.5301826Z Collecting defusedxml<0.8.0,>=0.7.1 (from py-serializable<3.0.0,>=2.1.0->cyclonedx-python-lib<12,>=5->pip-audit)
test-security	Install security tools	2026-10-05T06:24:07.5336149Z   Downloading defusedxml-0.7.1-py2.py3-none-any.whl.metadata (32 kB)
test-security	Install security tools	2026-10-05T06:24:07.6149435Z Collecting msgpack<2.0.0,>=0.5.2 (from CacheControl>=0.13.0->CacheControl[filecache]>=0.13.0->pip-audit)
test-security	Install security tools	2026-10-05T06:24:07.6184494Z   Downloading msgpack-1.2.3-cp313-cp313-manylinux2014_x86_64.manylinux_2_17_x86_64.manylinux_2_28_x86_64.whl.metadata (8.3 kB)
test-security	Install security tools	2026-10-05T06:24:07.6439102Z Collecting filelock>=3.8.0 (from CacheControl[filecache]>=0.13.0->pip-audit)
test-security	Install security tools	2026-10-05T06:24:07.6483903Z   Downloading filelock-4.0.11-py3-none-any.whl.metadata (2.0 kB)
test-security	Install security tools	2026-10-05T06:24:07.6531228Z Requirement already satisfied: pip in /opt/hostedtoolcache/Python/3.13.15/x64/lib/python3.13/site-packages (from pip-api>=0.0.28->pip-audit) (26.2.1)
test-security	Install security tools	2026-10-05T06:24:07.6732419Z Collecting pyparsing (from pip-requirements-parser>=32.0.0->pip-audit)
test-security	Install security tools	2026-10-05T06:24:07.6767094Z   Downloading pyparsing-3.3.3-py3-none-any.whl.metadata (5.9 kB)
test-security	Install security tools	2026-10-05T06:24:07.7970839Z Collecting charset_normalizer<4,>=2 (from requests>=2.31.0->pip-audit)
test-security	Install security tools	2026-10-05T06:24:07.8007322Z   Downloading charset_normalizer-3.5.2-cp313-cp313-manylinux2014_x86_64.manylinux_2_17_x86_64.manylinux_2_28_x86_64.whl.metadata (46 kB)
test-security	Install security tools	2026-10-05T06:24:07.8176793Z Collecting idna<4,>=2.5 (from requests>=2.31.0->pip-audit)
test-security	Install security tools	2026-10-05T06:24:07.8210113Z   Downloading idna-3.20-py3-none-any.whl.metadata (7.2 kB)
test-security	Install security tools	2026-10-05T06:24:07.8419392Z Collecting urllib3<3,>=1.26 (from requests>=2.31.0->pip-audit)
test-security	Install security tools	2026-10-05T06:24:07.8452914Z   Downloading urllib3-2.8.0-py3-none-any.whl.metadata (7.4 kB)
test-security	Install security tools	2026-10-05T06:24:07.8629683Z Collecting certifi>=2023.5.7 (from requests>=2.31.0->pip-audit)
test-security	Install security tools	2026-10-05T06:24:07.8663405Z   Downloading certifi-2026.7.22-py3-none-any.whl.metadata (2.5 kB)
test-security	Install security tools	2026-10-05T06:24:07.8820990Z Collecting markdown-it-py>=2.2.0 (from rich->bandit)
test-security	Install security tools	2026-10-05T06:24:07.8855035Z   Downloading markdown_it_py-4.2.0-py3-none-any.whl.metadata (7.4 kB)
test-security	Install security tools	2026-10-05T06:24:07.9066808Z Collecting pygments<3.0.0,>=2.13.0 (from rich->bandit)
test-security	Install security tools	2026-10-05T06:24:07.9102311Z   Downloading pygments-2.21.0-py3-none-any.whl.metadata (2.5 kB)
test-security	Install security tools	2026-10-05T06:24:07.9213351Z Collecting mdurl~=0.1 (from markdown-it-py>=2.2.0->rich->bandit)
test-security	Install security tools	2026-10-05T06:24:07.9245803Z   Downloading mdurl-0.1.2-py3-none-any.whl.metadata (1.6 kB)
test-security	Install security tools	2026-10-05T06:24:07.9342148Z Downloading bandit-1.9.4-py3-none-any.whl (134 kB)
test-security	Install security tools	2026-10-05T06:24:07.9414090Z Downloading pip_audit-2.10.1-py3-none-any.whl (62 kB)
test-security	Install security tools	2026-10-05T06:24:07.9467359Z Downloading cyclonedx_python_lib-11.12.0-py3-none-any.whl (529 kB)
test-security	Install security tools	2026-10-05T06:24:07.9546141Z    ━━━━━━━━━━━━━━━━━━━━━━━━━━━━━━━━━━━━━━━━ 529.5/529.5 kB 75.1 MB/s  0:00:00
test-security	Install security tools	2026-10-05T06:24:07.9582230Z Downloading license_expression-30.4.4-py3-none-any.whl (120 kB)
test-security	Install security tools	2026-10-05T06:24:07.9643673Z Downloading packageurl_python-0.17.6-py3-none-any.whl (36 kB)
test-security	Install security tools	2026-10-05T06:24:07.9696247Z Downloading py_serializable-2.1.0-py3-none-any.whl (23 kB)
test-security	Install security tools	2026-10-05T06:24:07.9749486Z Downloading defusedxml-0.7.1-py2.py3-none-any.whl (25 kB)
test-security	Install security tools	2026-10-05T06:24:07.9801348Z Downloading sortedcontainers-2.4.0-py2.py3-none-any.whl (29 kB)
test-security	Install security tools	2026-10-05T06:24:07.9851348Z Downloading boolean_py-5.0-py3-none-any.whl (26 kB)
test-security	Install security tools	2026-10-05T06:24:07.9909281Z Downloading cachecontrol-0.14.4-py3-none-any.whl (22 kB)
test-security	Install security tools	2026-10-05T06:24:07.9966244Z Downloading msgpack-1.2.3-cp313-cp313-manylinux2014_x86_64.manylinux_2_17_x86_64.manylinux_2_28_x86_64.whl (466 kB)
test-security	Install security tools	2026-10-05T06:24:08.0048183Z Downloading filelock-4.0.11-py3-none-any.whl (111 kB)
test-security	Install security tools	2026-10-05T06:24:08.0104106Z Downloading packaging-26.3-py3-none-any.whl (129 kB)
test-security	Install security tools	2026-10-05T06:24:08.0161751Z Downloading pip_api-0.0.35-py3-none-any.whl (123 kB)
test-security	Install security tools	2026-10-05T06:24:08.0214709Z Downloading pip_requirements_parser-32.0.1-py3-none-any.whl (35 kB)
test-security	Install security tools	2026-10-05T06:24:08.0266510Z Downloading platformdirs-4.12.3-py3-none-any.whl (32 kB)
test-security	Install security tools	2026-10-05T06:24:08.0322482Z Downloading pyyaml-6.0.3-cp313-cp313-manylinux2014_x86_64.manylinux_2_17_x86_64.manylinux_2_28_x86_64.whl (801 kB)
test-security	Install security tools	2026-10-05T06:24:08.0401118Z    ━━━━━━━━━━━━━━━━━━━━━━━━━━━━━━━━━━━━━━━━ 801.6/801.6 kB 96.8 MB/s  0:00:00
test-security	Install security tools	2026-10-05T06:24:08.0433625Z Downloading requests-2.34.2-py3-none-any.whl (73 kB)
test-security	Install security tools	2026-10-05T06:24:08.0487783Z Downloading charset_normalizer-3.5.2-cp313-cp313-manylinux2014_x86_64.manylinux_2_17_x86_64.manylinux_2_28_x86_64.whl (254 kB)
test-security	Install security tools	2026-10-05T06:24:08.0546149Z Downloading idna-3.20-py3-none-any.whl (69 kB)
test-security	Install security tools	2026-10-05T06:24:08.0599241Z Downloading urllib3-2.8.0-py3-none-any.whl (135 kB)
test-security	Install security tools	2026-10-05T06:24:08.0655067Z Downloading certifi-2026.7.22-py3-none-any.whl (136 kB)
test-security	Install security tools	2026-10-05T06:24:08.0710629Z Downloading rich-15.0.0-py3-none-any.whl (310 kB)
test-security	Install security tools	2026-10-05T06:24:08.0768857Z Downloading pygments-2.21.0-py3-none-any.whl (1.3 MB)
test-security	Install security tools	2026-10-05T06:24:08.0852742Z    ━━━━━━━━━━━━━━━━━━━━━━━━━━━━━━━━━━━━━━━━ 1.3/1.3 MB 172.6 MB/s  0:00:00
test-security	Install security tools	2026-10-05T06:24:08.0884298Z Downloading markdown_it_py-4.2.0-py3-none-any.whl (91 kB)
test-security	Install security tools	2026-10-05T06:24:08.0936496Z Downloading mdurl-0.1.2-py3-none-any.whl (10.0 kB)
test-security	Install security tools	2026-10-05T06:24:08.0992070Z Downloading stevedore-5.9.1-py3-none-any.whl (54 kB)
test-security	Install security tools	2026-10-05T06:24:08.1045681Z Downloading tomli-2.4.1-cp313-cp313-manylinux2014_x86_64.manylinux_2_17_x86_64.manylinux_2_28_x86_64.whl (251 kB)
test-security	Install security tools	2026-10-05T06:24:08.1125959Z Downloading tomli_w-1.2.0-py3-none-any.whl (6.7 kB)
test-security	Install security tools	2026-10-05T06:24:08.1176164Z Downloading pyparsing-3.3.3-py3-none-any.whl (126 kB)
test-security	Install security tools	2026-10-05T06:24:08.2720713Z Installing collected packages: sortedcontainers, boolean.py, urllib3, tomli-w, tomli, stevedore, PyYAML, pyparsing, pygments, platformdirs, pip-api, packaging, packageurl-python, msgpack, mdurl, license-expression, idna, filelock, defusedxml, charset_normalizer, certifi, requests, py-serializable, pip-requirements-parser, markdown-it-py, rich, cyclonedx-python-lib, CacheControl, bandit, pip-audit
test-security	Install security tools	2026-10-05T06:24:10.3952976Z 
test-security	Install security tools	2026-10-05T06:24:10.3989355Z Successfully installed CacheControl-0.14.4 PyYAML-6.0.3 bandit-1.9.4 boolean.py-5.0 certifi-2026.7.22 charset_normalizer-3.5.2 cyclonedx-python-lib-11.12.0 defusedxml-0.7.1 filelock-4.0.11 idna-3.20 license-expression-30.4.4 markdown-it-py-4.2.0 mdurl-0.1.2 msgpack-1.2.3 packageurl-python-0.17.6 packaging-26.3 pip-api-0.0.35 pip-audit-2.10.1 pip-requirements-parser-32.0.1 platformdirs-4.12.3 py-serializable-2.1.0 pygments-2.21.0 pyparsing-3.3.3 requests-2.34.2 rich-15.0.0 sortedcontainers-2.4.0 stevedore-5.9.1 tomli-2.4.1 tomli-w-1.2.0 urllib3-2.8.0
test-security	SAST gate	﻿2026-10-05T06:24:10.4769751Z ##[group]Run set -o pipefail
test-security	SAST gate	2026-10-05T06:24:10.4770101Z [36;1mset -o pipefail[0m
test-security	SAST gate	2026-10-05T06:24:10.4770666Z [36;1mbandit -r final-devops-project/application -x final-devops-project/application/tests 2>&1 | tee reports/sast.txt[0m
test-security	SAST gate	2026-10-05T06:24:10.4836994Z shell: /usr/bin/bash -e {0}
test-security	SAST gate	2026-10-05T06:24:10.4837249Z env:
test-security	SAST gate	2026-10-05T06:24:10.4837514Z   pythonLocation: /opt/hostedtoolcache/Python/3.13.15/x64
test-security	SAST gate	2026-10-05T06:24:10.4838187Z   PKG_CONFIG_PATH: /opt/hostedtoolcache/Python/3.13.15/x64/lib/pkgconfig
test-security	SAST gate	2026-10-05T06:24:10.4838627Z   Python_ROOT_DIR: /opt/hostedtoolcache/Python/3.13.15/x64
test-security	SAST gate	2026-10-05T06:24:10.4839008Z   Python2_ROOT_DIR: /opt/hostedtoolcache/Python/3.13.15/x64
test-security	SAST gate	2026-10-05T06:24:10.4839410Z   Python3_ROOT_DIR: /opt/hostedtoolcache/Python/3.13.15/x64
test-security	SAST gate	2026-10-05T06:24:10.4839797Z   LD_LIBRARY_PATH: /opt/hostedtoolcache/Python/3.13.15/x64/lib
test-security	SAST gate	2026-10-05T06:24:10.4840116Z ##[endgroup]
test-security	SAST gate	2026-10-05T06:24:10.6861951Z [main]	INFO	profile include tests: None
test-security	SAST gate	2026-10-05T06:24:10.6863230Z [main]	INFO	profile exclude tests: None
test-security	SAST gate	2026-10-05T06:24:10.6864219Z [main]	INFO	cli include tests: None
test-security	SAST gate	2026-10-05T06:24:10.6865048Z [main]	INFO	cli exclude tests: None
test-security	SAST gate	2026-10-05T06:24:10.6866122Z [main]	INFO	running on Python 3.13.15
test-security	SAST gate	2026-10-05T06:24:10.7098838Z [tester]	WARNING	nosec encountered (B104), but no failed test on file final-devops-project/application/app.py:137
test-security	SAST gate	2026-10-05T06:24:10.7099931Z [tester]	WARNING	nosec encountered (B104), but no failed test on file final-devops-project/application/app.py:137
test-security	SAST gate	2026-10-05T06:24:10.7107681Z Run started:2026-10-05 06:24:10.710577+00:00
test-security	SAST gate	2026-10-05T06:24:10.7108054Z 
test-security	SAST gate	2026-10-05T06:24:10.7108605Z Test results:
test-security	SAST gate	2026-10-05T06:24:10.7108952Z 	No issues identified.
test-security	SAST gate	2026-10-05T06:24:10.7109191Z 
test-security	SAST gate	2026-10-05T06:24:10.7109330Z Code scanned:
test-security	SAST gate	2026-10-05T06:24:10.7109696Z 	Total lines of code: 122
test-security	SAST gate	2026-10-05T06:24:10.7110082Z 	Total lines skipped (#nosec): 0
test-security	SAST gate	2026-10-05T06:24:10.7111149Z 	Total potential issues skipped due to specifically being disabled (e.g., #nosec BXXX): 1
test-security	SAST gate	2026-10-05T06:24:10.7111842Z 
test-security	SAST gate	2026-10-05T06:24:10.7111975Z Run metrics:
test-security	SAST gate	2026-10-05T06:24:10.7112326Z 	Total issues (by severity):
test-security	SAST gate	2026-10-05T06:24:10.7112718Z 		Undefined: 0
test-security	SAST gate	2026-10-05T06:24:10.7113043Z 		Low: 0
test-security	SAST gate	2026-10-05T06:24:10.7113328Z 		Medium: 0
test-security	SAST gate	2026-10-05T06:24:10.7113620Z 		High: 0
test-security	SAST gate	2026-10-05T06:24:10.7113942Z 	Total issues (by confidence):
test-security	SAST gate	2026-10-05T06:24:10.7114340Z 		Undefined: 0
test-security	SAST gate	2026-10-05T06:24:10.7114652Z 		Low: 0
test-security	SAST gate	2026-10-05T06:24:10.7114956Z 		Medium: 0
test-security	SAST gate	2026-10-05T06:24:10.7115265Z 		High: 0
test-security	SAST gate	2026-10-05T06:24:10.7115591Z Files skipped (0):
test-security	SCA gate	﻿2026-10-05T06:24:10.7356634Z ##[group]Run set -o pipefail
test-security	SCA gate	2026-10-05T06:24:10.7356987Z [36;1mset -o pipefail[0m
test-security	SCA gate	2026-10-05T06:24:10.7357458Z [36;1mpip-audit -r final-devops-project/application/requirements.txt 2>&1 | tee reports/sca.txt[0m
test-security	SCA gate	2026-10-05T06:24:10.7425715Z shell: /usr/bin/bash -e {0}
test-security	SCA gate	2026-10-05T06:24:10.7425986Z env:
test-security	SCA gate	2026-10-05T06:24:10.7426267Z   pythonLocation: /opt/hostedtoolcache/Python/3.13.15/x64
test-security	SCA gate	2026-10-05T06:24:10.7426721Z   PKG_CONFIG_PATH: /opt/hostedtoolcache/Python/3.13.15/x64/lib/pkgconfig
test-security	SCA gate	2026-10-05T06:24:10.7427161Z   Python_ROOT_DIR: /opt/hostedtoolcache/Python/3.13.15/x64
test-security	SCA gate	2026-10-05T06:24:10.7427564Z   Python2_ROOT_DIR: /opt/hostedtoolcache/Python/3.13.15/x64
test-security	SCA gate	2026-10-05T06:24:10.7428226Z   Python3_ROOT_DIR: /opt/hostedtoolcache/Python/3.13.15/x64
test-security	SCA gate	2026-10-05T06:24:10.7428632Z   LD_LIBRARY_PATH: /opt/hostedtoolcache/Python/3.13.15/x64/lib
test-security	SCA gate	2026-10-05T06:24:10.7428963Z ##[endgroup]
test-security	SCA gate	2026-10-05T06:24:15.5927014Z No known vulnerabilities found
test-security	Install Gitleaks	﻿2026-10-05T06:24:15.6406857Z ##[group]Run gh release download --repo gitleaks/gitleaks --pattern '*linux_x64.tar.gz' --dir /tmp/gitleaks
test-security	Install Gitleaks	2026-10-05T06:24:15.6407690Z [36;1mgh release download --repo gitleaks/gitleaks --pattern '*linux_x64.tar.gz' --dir /tmp/gitleaks[0m
test-security	Install Gitleaks	2026-10-05T06:24:15.6408738Z [36;1mtar -xzf /tmp/gitleaks/*linux_x64.tar.gz -C /tmp/gitleaks[0m
test-security	Install Gitleaks	2026-10-05T06:24:15.6470860Z shell: /usr/bin/bash -e {0}
test-security	Install Gitleaks	2026-10-05T06:24:15.6471115Z env:
test-security	Install Gitleaks	2026-10-05T06:24:15.6471393Z   pythonLocation: /opt/hostedtoolcache/Python/3.13.15/x64
test-security	Install Gitleaks	2026-10-05T06:24:15.6471855Z   PKG_CONFIG_PATH: /opt/hostedtoolcache/Python/3.13.15/x64/lib/pkgconfig
test-security	Install Gitleaks	2026-10-05T06:24:15.6472321Z   Python_ROOT_DIR: /opt/hostedtoolcache/Python/3.13.15/x64
test-security	Install Gitleaks	2026-10-05T06:24:15.6472756Z   Python2_ROOT_DIR: /opt/hostedtoolcache/Python/3.13.15/x64
test-security	Install Gitleaks	2026-10-05T06:24:15.6473162Z   Python3_ROOT_DIR: /opt/hostedtoolcache/Python/3.13.15/x64
test-security	Install Gitleaks	2026-10-05T06:24:15.6473550Z   LD_LIBRARY_PATH: /opt/hostedtoolcache/Python/3.13.15/x64/lib
test-security	Install Gitleaks	2026-10-05T06:24:15.6476297Z   GH_TOKEN: ***
test-security	Install Gitleaks	2026-10-05T06:24:15.6476546Z ##[endgroup]
test-security	Secret scanning gate	﻿2026-10-05T06:24:16.3875685Z ##[group]Run set -o pipefail
test-security	Secret scanning gate	2026-10-05T06:24:16.3876225Z [36;1mset -o pipefail[0m
test-security	Secret scanning gate	2026-10-05T06:24:16.3877069Z [36;1m/tmp/gitleaks/gitleaks dir final-devops-project --redact --no-banner 2>&1 | tee reports/secrets.txt[0m
test-security	Secret scanning gate	2026-10-05T06:24:16.3967205Z shell: /usr/bin/bash -e {0}
test-security	Secret scanning gate	2026-10-05T06:24:16.3967648Z env:
test-security	Secret scanning gate	2026-10-05T06:24:16.3968400Z   pythonLocation: /opt/hostedtoolcache/Python/3.13.15/x64
test-security	Secret scanning gate	2026-10-05T06:24:16.3969168Z   PKG_CONFIG_PATH: /opt/hostedtoolcache/Python/3.13.15/x64/lib/pkgconfig
test-security	Secret scanning gate	2026-10-05T06:24:16.3969957Z   Python_ROOT_DIR: /opt/hostedtoolcache/Python/3.13.15/x64
test-security	Secret scanning gate	2026-10-05T06:24:16.3970912Z   Python2_ROOT_DIR: /opt/hostedtoolcache/Python/3.13.15/x64
test-security	Secret scanning gate	2026-10-05T06:24:16.3971597Z   Python3_ROOT_DIR: /opt/hostedtoolcache/Python/3.13.15/x64
test-security	Secret scanning gate	2026-10-05T06:24:16.3972282Z   LD_LIBRARY_PATH: /opt/hostedtoolcache/Python/3.13.15/x64/lib
test-security	Secret scanning gate	2026-10-05T06:24:16.3972866Z ##[endgroup]
test-security	Secret scanning gate	2026-10-05T06:24:16.8600863Z [90m6:24AM[0m [32mINF[0m [1mscanned ~50662 bytes (50.66 KB) in 19.1ms[0m
test-security	Secret scanning gate	2026-10-05T06:24:16.8601761Z [90m6:24AM[0m [32mINF[0m [1mno leaks found[0m
test-security	Run actions/upload-artifact@v4	﻿2026-10-05T06:24:16.8686383Z ##[group]Run actions/upload-artifact@v4
test-security	Run actions/upload-artifact@v4	2026-10-05T06:24:16.8686707Z with:
test-security	Run actions/upload-artifact@v4	2026-10-05T06:24:16.8686922Z   name: test-security-reports
test-security	Run actions/upload-artifact@v4	2026-10-05T06:24:16.8687170Z   path: reports/
test-security	Run actions/upload-artifact@v4	2026-10-05T06:24:16.8687386Z   if-no-files-found: warn
test-security	Run actions/upload-artifact@v4	2026-10-05T06:24:16.8687622Z   compression-level: 6
test-security	Run actions/upload-artifact@v4	2026-10-05T06:24:16.8688135Z   overwrite: false
test-security	Run actions/upload-artifact@v4	2026-10-05T06:24:16.8688455Z   include-hidden-files: false
test-security	Run actions/upload-artifact@v4	2026-10-05T06:24:16.8688701Z env:
test-security	Run actions/upload-artifact@v4	2026-10-05T06:24:16.8688964Z   pythonLocation: /opt/hostedtoolcache/Python/3.13.15/x64
test-security	Run actions/upload-artifact@v4	2026-10-05T06:24:16.8689429Z   PKG_CONFIG_PATH: /opt/hostedtoolcache/Python/3.13.15/x64/lib/pkgconfig
test-security	Run actions/upload-artifact@v4	2026-10-05T06:24:16.8689870Z   Python_ROOT_DIR: /opt/hostedtoolcache/Python/3.13.15/x64
test-security	Run actions/upload-artifact@v4	2026-10-05T06:24:16.8690253Z   Python2_ROOT_DIR: /opt/hostedtoolcache/Python/3.13.15/x64
test-security	Run actions/upload-artifact@v4	2026-10-05T06:24:16.8690638Z   Python3_ROOT_DIR: /opt/hostedtoolcache/Python/3.13.15/x64
test-security	Run actions/upload-artifact@v4	2026-10-05T06:24:16.8691027Z   LD_LIBRARY_PATH: /opt/hostedtoolcache/Python/3.13.15/x64/lib
test-security	Run actions/upload-artifact@v4	2026-10-05T06:24:16.8691352Z ##[endgroup]
test-security	Run actions/upload-artifact@v4	2026-10-05T06:24:17.0342583Z (node:2511) [DEP0040] DeprecationWarning: The `punycode` module is deprecated. Please use a userland alternative instead.
test-security	Run actions/upload-artifact@v4	2026-10-05T06:24:17.0343477Z (Use `node --trace-deprecation ...` to show where the warning was created)
test-security	Run actions/upload-artifact@v4	2026-10-05T06:24:17.0425909Z With the provided path, there will be 4 files uploaded
test-security	Run actions/upload-artifact@v4	2026-10-05T06:24:17.0426781Z Artifact name is valid!
test-security	Run actions/upload-artifact@v4	2026-10-05T06:24:17.0427175Z Root directory input is valid!
test-security	Run actions/upload-artifact@v4	2026-10-05T06:24:17.2503453Z Beginning upload of artifact content to blob storage
test-security	Run actions/upload-artifact@v4	2026-10-05T06:24:17.2738824Z (node:2511) [DEP0169] DeprecationWarning: `url.parse()` behavior is not standardized and prone to errors that have security implications. Use the WHATWG URL API instead. CVEs are not issued for `url.parse()` vulnerabilities.
test-security	Run actions/upload-artifact@v4	2026-10-05T06:24:17.3192962Z Uploaded bytes 1313
test-security	Run actions/upload-artifact@v4	2026-10-05T06:24:17.3468389Z Finished uploading artifact content to blob storage!
test-security	Run actions/upload-artifact@v4	2026-10-05T06:24:17.3469766Z SHA256 digest of uploaded artifact zip is 8c83839e5675f37b456c62dc1b0c0d28e7027bb09abce2066cfa9a8f5fe1f454
test-security	Run actions/upload-artifact@v4	2026-10-05T06:24:17.3471895Z Finalizing artifact upload
test-security	Run actions/upload-artifact@v4	2026-10-05T06:24:17.5574111Z Artifact test-security-reports.zip successfully finalized. Artifact ID 11329025689
test-security	Run actions/upload-artifact@v4	2026-10-05T06:24:17.5575163Z Artifact test-security-reports has been successfully uploaded! Final size is 1313 bytes. Artifact ID is 11329025689
test-security	Run actions/upload-artifact@v4	2026-10-05T06:24:17.5581310Z Artifact download URL: https://github.com/rajasurya-rjs/devops-heros/actions/runs/37272214475/artifacts/11329025689
test-security	Post Run actions/setup-python@v5	﻿2026-10-05T06:24:17.5748498Z Post job cleanup.
test-security	Post Run actions/setup-python@v5	2026-10-05T06:24:17.6945334Z (node:2523) [DEP0040] DeprecationWarning: The `punycode` module is deprecated. Please use a userland alternative instead.
test-security	Post Run actions/setup-python@v5	2026-10-05T06:24:17.6946592Z (Use `node --trace-deprecation ...` to show where the warning was created)
test-security	Post Run actions/checkout@v4	﻿2026-10-05T06:24:17.7144299Z Post job cleanup.
test-security	Post Run actions/checkout@v4	2026-10-05T06:24:17.8218668Z [command]/usr/bin/git version
test-security	Post Run actions/checkout@v4	2026-10-05T06:24:17.8258765Z git version 2.55.0
test-security	Post Run actions/checkout@v4	2026-10-05T06:24:17.8340720Z Temporarily overriding HOME='/home/runner/work/_temp/a786dc1f-229d-45bd-9189-ae46f13bee3f' before making global git config changes
test-security	Post Run actions/checkout@v4	2026-10-05T06:24:17.8341519Z Adding repository directory to the temporary git global config as a safe directory
test-security	Post Run actions/checkout@v4	2026-10-05T06:24:17.8342179Z [command]/usr/bin/git config --global --add safe.directory /home/runner/work/devops-heros/devops-heros
test-security	Post Run actions/checkout@v4	2026-10-05T06:24:17.8376843Z [command]/usr/bin/git config --local --name-only --get-regexp core\.sshCommand
test-security	Post Run actions/checkout@v4	2026-10-05T06:24:17.8419708Z [command]/usr/bin/git submodule foreach --recursive sh -c "git config --local --name-only --get-regexp 'core\.sshCommand' && git config --local --unset-all 'core.sshCommand' || :"
test-security	Post Run actions/checkout@v4	2026-10-05T06:24:17.8709206Z [command]/usr/bin/git config --local --name-only --get-regexp http\.https\:\/\/github\.com\/\.extraheader
test-security	Post Run actions/checkout@v4	2026-10-05T06:24:17.8743259Z http.https://github.com/.extraheader
test-security	Post Run actions/checkout@v4	2026-10-05T06:24:17.8760516Z [command]/usr/bin/git config --local --unset-all http.https://github.com/.extraheader
test-security	Post Run actions/checkout@v4	2026-10-05T06:24:17.8814612Z [command]/usr/bin/git submodule foreach --recursive sh -c "git config --local --name-only --get-regexp 'http\.https\:\/\/github\.com\/\.extraheader' && git config --local --unset-all 'http.https://github.com/.extraheader' || :"
test-security	Post Run actions/checkout@v4	2026-10-05T06:24:17.9069922Z [command]/usr/bin/git config --local --name-only --get-regexp ^includeIf\.gitdir:
test-security	Post Run actions/checkout@v4	2026-10-05T06:24:17.9113549Z [command]/usr/bin/git submodule foreach --recursive git config --local --show-origin --name-only --get-regexp remote.origin.url
test-security	Complete job	﻿2026-10-05T06:24:17.9531314Z Cleaning up orphan processes
test-security	Complete job	2026-10-05T06:24:17.9819971Z ##[warning]Node.js 20 is deprecated. The following actions target Node.js 20 but are being forced to run on Node.js 24: actions/checkout@v4, actions/setup-python@v5, actions/upload-artifact@v4. For more information see: https://github.blog/changelog/2025-09-19-deprecation-of-node-20-on-github-actions-runners/
build-push	Set up job	﻿2026-10-05T06:24:22.7795503Z Current runner version: '2.337.0'
build-push	Set up job	2026-10-05T06:24:22.7820930Z ##[group]Runner Image Provisioner
build-push	Set up job	2026-10-05T06:24:22.7821771Z Hosted Compute Agent
build-push	Set up job	2026-10-05T06:24:22.7822547Z Version: 20260901.588
build-push	Set up job	2026-10-05T06:24:22.7823179Z Commit: f88ec8081b781fac6c440065ac7ff9e710ce3d0b
build-push	Set up job	2026-10-05T06:24:22.7823972Z Build Date: 2026-09-01T19:56:44Z
build-push	Set up job	2026-10-05T06:24:22.7824671Z Worker ID: {1e641a0e-435f-4ff1-98a9-7b7376d731f0}
build-push	Set up job	2026-10-05T06:24:22.7825408Z Azure Region: northcentralus
build-push	Set up job	2026-10-05T06:24:22.7826135Z ##[endgroup]
build-push	Set up job	2026-10-05T06:24:22.7828357Z ##[group]Operating System
build-push	Set up job	2026-10-05T06:24:22.7829496Z Ubuntu
build-push	Set up job	2026-10-05T06:24:22.7830076Z 24.04.5
build-push	Set up job	2026-10-05T06:24:22.7830600Z LTS
build-push	Set up job	2026-10-05T06:24:22.7831239Z ##[endgroup]
build-push	Set up job	2026-10-05T06:24:22.7831812Z ##[group]Runner Image
build-push	Set up job	2026-10-05T06:24:22.7832456Z Image: ubuntu-24.04
build-push	Set up job	2026-10-05T06:24:22.7833057Z Version: 20260927.320.1
build-push	Set up job	2026-10-05T06:24:22.7834215Z Included Software: https://github.com/actions/runner-images/blob/ubuntu24/20260927.320/images/ubuntu/Ubuntu2404-Readme.md
build-push	Set up job	2026-10-05T06:24:22.7836079Z Image Release: https://github.com/actions/runner-images/releases/tag/ubuntu24%2F20260927.320
build-push	Set up job	2026-10-05T06:24:22.7837080Z ##[endgroup]
build-push	Set up job	2026-10-05T06:24:22.7838576Z ##[group]GITHUB_TOKEN Permissions
build-push	Set up job	2026-10-05T06:24:22.7841280Z Contents: read
build-push	Set up job	2026-10-05T06:24:22.7841953Z Metadata: read
build-push	Set up job	2026-10-05T06:24:22.7842521Z Packages: write
build-push	Set up job	2026-10-05T06:24:22.7843138Z ##[endgroup]
build-push	Set up job	2026-10-05T06:24:22.7845180Z Secret source: Actions
build-push	Set up job	2026-10-05T06:24:22.7846268Z Cache mode: write
build-push	Set up job	2026-10-05T06:24:22.7847322Z Prepare workflow directory
build-push	Set up job	2026-10-05T06:24:22.8193957Z Prepare all required actions
build-push	Set up job	2026-10-05T06:24:22.8243730Z Getting action download info
build-push	Set up job	2026-10-05T06:24:23.1151690Z Download action repository 'actions/checkout@v4' (SHA:11d5960a326750d5838078e36cf38b85af677262)
build-push	Set up job	2026-10-05T06:24:23.2099839Z Download action repository 'aquasecurity/setup-trivy@v0.3.1' (SHA:81e514348e19b6112ce2a7e3ecbafe19c1e1f567)
build-push	Set up job	2026-10-05T06:24:23.3545177Z Download action repository 'docker/setup-qemu-action@v3' (SHA:c7c53464625b32c7a7e944ae62b3e17d2b600130)
build-push	Set up job	2026-10-05T06:24:23.7650730Z Download action repository 'docker/setup-buildx-action@v3' (SHA:8d2750c68a42422c14e847fe6c8ac0403b4cbd6f)
build-push	Set up job	2026-10-05T06:24:24.2101354Z Download action repository 'actions/upload-artifact@v4' (SHA:ea165f8d65b6e75b540449e92b4886f43607fa02)
build-push	Set up job	2026-10-05T06:24:24.4186216Z Getting action download info
build-push	Set up job	2026-10-05T06:24:24.5245435Z Download action repository 'actions/cache@9255dc7a253b0ccc959486e2bca901246202afeb' (SHA:9255dc7a253b0ccc959486e2bca901246202afeb)
build-push	Set up job	2026-10-05T06:24:24.6292879Z Download action repository 'actions/checkout@8e8c483db84b4bee98b60c0593521ed34d9990e8' (SHA:8e8c483db84b4bee98b60c0593521ed34d9990e8)
build-push	Set up job	2026-10-05T06:24:24.7760982Z Complete job name: build-push
build-push	Run actions/checkout@v4	﻿2026-10-05T06:24:24.8774526Z ##[group]Run actions/checkout@v4
build-push	Run actions/checkout@v4	2026-10-05T06:24:24.8775845Z with:
build-push	Run actions/checkout@v4	2026-10-05T06:24:24.8776646Z   repository: rajasurya-rjs/devops-heros
build-push	Run actions/checkout@v4	2026-10-05T06:24:24.8786327Z   token: ***
build-push	Run actions/checkout@v4	2026-10-05T06:24:24.8787196Z   ssh-strict: true
build-push	Run actions/checkout@v4	2026-10-05T06:24:24.8788337Z   ssh-user: git
build-push	Run actions/checkout@v4	2026-10-05T06:24:24.8789149Z   persist-credentials: true
build-push	Run actions/checkout@v4	2026-10-05T06:24:24.8790024Z   clean: true
build-push	Run actions/checkout@v4	2026-10-05T06:24:24.8790819Z   sparse-checkout-cone-mode: true
build-push	Run actions/checkout@v4	2026-10-05T06:24:24.8791778Z   fetch-depth: 1
build-push	Run actions/checkout@v4	2026-10-05T06:24:24.8792543Z   fetch-tags: false
build-push	Run actions/checkout@v4	2026-10-05T06:24:24.8793324Z   show-progress: true
build-push	Run actions/checkout@v4	2026-10-05T06:24:24.8794109Z   lfs: false
build-push	Run actions/checkout@v4	2026-10-05T06:24:24.8794833Z   submodules: false
build-push	Run actions/checkout@v4	2026-10-05T06:24:24.8795626Z   set-safe-directory: true
build-push	Run actions/checkout@v4	2026-10-05T06:24:24.8796548Z   allow-unsafe-pr-checkout: false
build-push	Run actions/checkout@v4	2026-10-05T06:24:24.8797987Z ##[endgroup]
build-push	Run actions/checkout@v4	2026-10-05T06:24:24.9825249Z Syncing repository: rajasurya-rjs/devops-heros
build-push	Run actions/checkout@v4	2026-10-05T06:24:24.9828575Z ##[group]Getting Git version info
build-push	Run actions/checkout@v4	2026-10-05T06:24:24.9829962Z Working directory is '/home/runner/work/devops-heros/devops-heros'
build-push	Run actions/checkout@v4	2026-10-05T06:24:24.9831986Z [command]/usr/bin/git version
build-push	Run actions/checkout@v4	2026-10-05T06:24:24.9924456Z git version 2.55.0
build-push	Run actions/checkout@v4	2026-10-05T06:24:24.9952768Z ##[endgroup]
build-push	Run actions/checkout@v4	2026-10-05T06:24:24.9970486Z Temporarily overriding HOME='/home/runner/work/_temp/12ccea51-8381-42a3-9735-ad30bc487215' before making global git config changes
build-push	Run actions/checkout@v4	2026-10-05T06:24:24.9973770Z Adding repository directory to the temporary git global config as a safe directory
build-push	Run actions/checkout@v4	2026-10-05T06:24:24.9976676Z [command]/usr/bin/git config --global --add safe.directory /home/runner/work/devops-heros/devops-heros
build-push	Run actions/checkout@v4	2026-10-05T06:24:25.0037396Z Deleting the contents of '/home/runner/work/devops-heros/devops-heros'
build-push	Run actions/checkout@v4	2026-10-05T06:24:25.0047044Z ##[group]Initializing the repository
build-push	Run actions/checkout@v4	2026-10-05T06:24:25.0049956Z [command]/usr/bin/git init /home/runner/work/devops-heros/devops-heros
build-push	Run actions/checkout@v4	2026-10-05T06:24:25.0168447Z hint: Using 'master' as the name for the initial branch. This default branch name
build-push	Run actions/checkout@v4	2026-10-05T06:24:25.0171800Z hint: will change to "main" in Git 3.0. To configure the initial branch name
build-push	Run actions/checkout@v4	2026-10-05T06:24:25.0174770Z hint: to use in all of your new repositories, which will suppress this warning,
build-push	Run actions/checkout@v4	2026-10-05T06:24:25.0176974Z hint: call:
build-push	Run actions/checkout@v4	2026-10-05T06:24:25.0178060Z hint:
build-push	Run actions/checkout@v4	2026-10-05T06:24:25.0179068Z hint: 	git config --global init.defaultBranch <name>
build-push	Run actions/checkout@v4	2026-10-05T06:24:25.0180220Z hint:
build-push	Run actions/checkout@v4	2026-10-05T06:24:25.0181269Z hint: Names commonly chosen instead of 'master' are 'main', 'trunk' and
build-push	Run actions/checkout@v4	2026-10-05T06:24:25.0183217Z hint: 'development'. The just-created branch can be renamed via this command:
build-push	Run actions/checkout@v4	2026-10-05T06:24:25.0184842Z hint:
build-push	Run actions/checkout@v4	2026-10-05T06:24:25.0185619Z hint: 	git branch -m <name>
build-push	Run actions/checkout@v4	2026-10-05T06:24:25.0186507Z hint:
build-push	Run actions/checkout@v4	2026-10-05T06:24:25.0188209Z hint: Disable this message with "git config set advice.defaultBranchName false"
build-push	Run actions/checkout@v4	2026-10-05T06:24:25.0190794Z Initialized empty Git repository in /home/runner/work/devops-heros/devops-heros/.git/
build-push	Run actions/checkout@v4	2026-10-05T06:24:25.0195925Z [command]/usr/bin/git remote add origin https://github.com/rajasurya-rjs/devops-heros
build-push	Run actions/checkout@v4	2026-10-05T06:24:25.0242818Z ##[endgroup]
build-push	Run actions/checkout@v4	2026-10-05T06:24:25.0245358Z ##[group]Disabling automatic garbage collection
build-push	Run actions/checkout@v4	2026-10-05T06:24:25.0247442Z [command]/usr/bin/git config --local gc.auto 0
build-push	Run actions/checkout@v4	2026-10-05T06:24:25.0291836Z ##[endgroup]
build-push	Run actions/checkout@v4	2026-10-05T06:24:25.0294009Z ##[group]Setting up auth
build-push	Run actions/checkout@v4	2026-10-05T06:24:25.0297014Z [command]/usr/bin/git config --local --name-only --get-regexp core\.sshCommand
build-push	Run actions/checkout@v4	2026-10-05T06:24:25.0340029Z [command]/usr/bin/git submodule foreach --recursive sh -c "git config --local --name-only --get-regexp 'core\.sshCommand' && git config --local --unset-all 'core.sshCommand' || :"
build-push	Run actions/checkout@v4	2026-10-05T06:24:25.0765500Z [command]/usr/bin/git config --local --name-only --get-regexp http\.https\:\/\/github\.com\/\.extraheader
build-push	Run actions/checkout@v4	2026-10-05T06:24:25.0807504Z [command]/usr/bin/git submodule foreach --recursive sh -c "git config --local --name-only --get-regexp 'http\.https\:\/\/github\.com\/\.extraheader' && git config --local --unset-all 'http.https://github.com/.extraheader' || :"
build-push	Run actions/checkout@v4	2026-10-05T06:24:25.1034448Z [command]/usr/bin/git config --local --name-only --get-regexp ^includeIf\.gitdir:
build-push	Run actions/checkout@v4	2026-10-05T06:24:25.1070878Z [command]/usr/bin/git submodule foreach --recursive git config --local --show-origin --name-only --get-regexp remote.origin.url
build-push	Run actions/checkout@v4	2026-10-05T06:24:25.1302311Z [command]/usr/bin/git config --local http.https://github.com/.extraheader AUTHORIZATION: basic ***
build-push	Run actions/checkout@v4	2026-10-05T06:24:25.1343391Z ##[endgroup]
build-push	Run actions/checkout@v4	2026-10-05T06:24:25.1345865Z ##[group]Fetching the repository
build-push	Run actions/checkout@v4	2026-10-05T06:24:25.1356399Z [command]/usr/bin/git -c protocol.version=2 fetch --no-tags --prune --no-recurse-submodules --depth=1 origin +e1b3f65fc09b6226b28141fc6748c03ceda87c93:refs/remotes/origin/main
build-push	Run actions/checkout@v4	2026-10-05T06:24:26.2295066Z From https://github.com/rajasurya-rjs/devops-heros
build-push	Run actions/checkout@v4	2026-10-05T06:24:26.2296485Z  * [new ref]         e1b3f65fc09b6226b28141fc6748c03ceda87c93 -> origin/main
build-push	Run actions/checkout@v4	2026-10-05T06:24:26.2299843Z ##[endgroup]
build-push	Run actions/checkout@v4	2026-10-05T06:24:26.2301076Z ##[group]Determining the checkout info
build-push	Run actions/checkout@v4	2026-10-05T06:24:26.2302501Z ##[endgroup]
build-push	Run actions/checkout@v4	2026-10-05T06:24:26.2309626Z [command]/usr/bin/git sparse-checkout disable
build-push	Run actions/checkout@v4	2026-10-05T06:24:26.2365825Z [command]/usr/bin/git config --local --unset-all extensions.worktreeConfig
build-push	Run actions/checkout@v4	2026-10-05T06:24:26.2400313Z ##[group]Checking out the ref
build-push	Run actions/checkout@v4	2026-10-05T06:24:26.2405051Z [command]/usr/bin/git checkout --progress --force -B main refs/remotes/origin/main
build-push	Run actions/checkout@v4	2026-10-05T06:24:26.4490640Z Switched to a new branch 'main'
build-push	Run actions/checkout@v4	2026-10-05T06:24:26.4495234Z branch 'main' set up to track 'origin/main'.
build-push	Run actions/checkout@v4	2026-10-05T06:24:26.4513173Z ##[endgroup]
build-push	Run actions/checkout@v4	2026-10-05T06:24:26.4562422Z [command]/usr/bin/git log -1 --format=%H
build-push	Run actions/checkout@v4	2026-10-05T06:24:26.4590020Z e1b3f65fc09b6226b28141fc6748c03ceda87c93
build-push	Immutable image name	﻿2026-10-05T06:24:26.4819063Z ##[group]Run echo "name=ghcr.io/${GITHUB_REPOSITORY,,}/ops-notes:${GITHUB_SHA}" >> "$GITHUB_OUTPUT"
build-push	Immutable image name	2026-10-05T06:24:26.4820187Z [36;1mecho "name=ghcr.io/${GITHUB_REPOSITORY,,}/ops-notes:${GITHUB_SHA}" >> "$GITHUB_OUTPUT"[0m
build-push	Immutable image name	2026-10-05T06:24:26.5134058Z shell: /usr/bin/bash -e {0}
build-push	Immutable image name	2026-10-05T06:24:26.5134591Z ##[endgroup]
build-push	Build image	﻿2026-10-05T06:24:26.5325041Z ##[group]Run docker build -t 'ghcr.io/rajasurya-rjs/devops-heros/ops-notes:e1b3f65fc09b6226b28141fc6748c03ceda87c93' -f final-devops-project/docker/Dockerfile final-devops-project
build-push	Build image	2026-10-05T06:24:26.5326758Z [36;1mdocker build -t 'ghcr.io/rajasurya-rjs/devops-heros/ops-notes:e1b3f65fc09b6226b28141fc6748c03ceda87c93' -f final-devops-project/docker/Dockerfile final-devops-project[0m
build-push	Build image	2026-10-05T06:24:26.5389530Z shell: /usr/bin/bash -e {0}
build-push	Build image	2026-10-05T06:24:26.5389985Z ##[endgroup]
build-push	Build image	2026-10-05T06:24:27.0813198Z #0 building with "default" instance using docker driver
build-push	Build image	2026-10-05T06:24:27.0814014Z 
build-push	Build image	2026-10-05T06:24:27.0814264Z #1 [internal] load build definition from Dockerfile
build-push	Build image	2026-10-05T06:24:27.0814926Z #1 transferring dockerfile: 625B 0.0s done
build-push	Build image	2026-10-05T06:24:27.0815358Z #1 DONE 0.0s
build-push	Build image	2026-10-05T06:24:27.0815542Z 
build-push	Build image	2026-10-05T06:24:27.0815797Z #2 [auth] library/python:pull token for registry-1.docker.io
build-push	Build image	2026-10-05T06:24:27.2315234Z #2 DONE 0.0s
build-push	Build image	2026-10-05T06:24:27.2315473Z 
build-push	Build image	2026-10-05T06:24:27.2315745Z #3 [internal] load metadata for docker.io/library/python:3.13-alpine
build-push	Build image	2026-10-05T06:24:27.4489768Z #3 DONE 0.5s
build-push	Build image	2026-10-05T06:24:27.5755823Z 
build-push	Build image	2026-10-05T06:24:27.5756953Z #4 [internal] load .dockerignore
build-push	Build image	2026-10-05T06:24:27.5758481Z #4 transferring context: 110B done
build-push	Build image	2026-10-05T06:24:27.5760044Z #4 DONE 0.0s
build-push	Build image	2026-10-05T06:24:27.5760554Z 
build-push	Build image	2026-10-05T06:24:27.5760781Z #5 [internal] load build context
build-push	Build image	2026-10-05T06:24:27.5761257Z #5 transferring context: 8.85kB done
build-push	Build image	2026-10-05T06:24:27.5761765Z #5 DONE 0.0s
build-push	Build image	2026-10-05T06:24:27.5762017Z 
build-push	Build image	2026-10-05T06:24:27.5762699Z #6 [1/5] FROM docker.io/library/python:3.13-alpine@sha256:2d9aefe2fef018a7eb2c13064c89c71929800fd2e5dccdbf52ea5da5bb8d929a
build-push	Build image	2026-10-05T06:24:27.5764197Z #6 resolve docker.io/library/python:3.13-alpine@sha256:2d9aefe2fef018a7eb2c13064c89c71929800fd2e5dccdbf52ea5da5bb8d929a done
build-push	Build image	2026-10-05T06:24:27.5765449Z #6 extracting sha256:48f6a258842734fe23e0e4c69db9996cbaefd41c1cde2372b95449f9fc5601eb
build-push	Build image	2026-10-05T06:24:27.5766601Z #6 sha256:2d9aefe2fef018a7eb2c13064c89c71929800fd2e5dccdbf52ea5da5bb8d929a 10.30kB / 10.30kB done
build-push	Build image	2026-10-05T06:24:27.5768121Z #6 sha256:ba27df8b6499cc3756cff167690f3fcb5321faa1703b3a914df5f4fdadb32f05 1.74kB / 1.74kB done
build-push	Build image	2026-10-05T06:24:27.5769080Z #6 sha256:050f6d1f4e5f89af62e03f6fcd1c06be2a401339b3694adc4c0a2850d9d8b1e7 5.29kB / 5.29kB done
build-push	Build image	2026-10-05T06:24:27.5769803Z #6 sha256:48f6a258842734fe23e0e4c69db9996cbaefd41c1cde2372b95449f9fc5601eb 416.27kB / 416.27kB 0.0s done
build-push	Build image	2026-10-05T06:24:27.5770494Z #6 sha256:6f4c23997e2db272b9d27917c421c0322c90ce90f0b4eeecd39ce268bdb688d0 10.49MB / 15.24MB 0.1s
build-push	Build image	2026-10-05T06:24:27.5771193Z #6 sha256:82c48d7f22df9ea2f3393a3daf83a7abb5e933e5fb7f4d1b701dc8f71ebff248 247B / 247B 0.1s done
build-push	Build image	2026-10-05T06:24:27.7949995Z #6 extracting sha256:48f6a258842734fe23e0e4c69db9996cbaefd41c1cde2372b95449f9fc5601eb 0.1s done
build-push	Build image	2026-10-05T06:24:27.7951063Z #6 sha256:6f4c23997e2db272b9d27917c421c0322c90ce90f0b4eeecd39ce268bdb688d0 15.24MB / 15.24MB 0.1s done
build-push	Build image	2026-10-05T06:24:27.7952182Z #6 extracting sha256:6f4c23997e2db272b9d27917c421c0322c90ce90f0b4eeecd39ce268bdb688d0
build-push	Build image	2026-10-05T06:24:28.4421873Z #6 extracting sha256:6f4c23997e2db272b9d27917c421c0322c90ce90f0b4eeecd39ce268bdb688d0 0.6s done
build-push	Build image	2026-10-05T06:24:28.4423565Z #6 extracting sha256:82c48d7f22df9ea2f3393a3daf83a7abb5e933e5fb7f4d1b701dc8f71ebff248
build-push	Build image	2026-10-05T06:24:28.6167873Z #6 extracting sha256:82c48d7f22df9ea2f3393a3daf83a7abb5e933e5fb7f4d1b701dc8f71ebff248 done
build-push	Build image	2026-10-05T06:24:28.6168840Z #6 DONE 1.0s
build-push	Build image	2026-10-05T06:24:28.6169189Z 
build-push	Build image	2026-10-05T06:24:28.6169885Z #7 [2/5] RUN python -m pip uninstall -y pip setuptools wheel msgpack urllib3     && rm -rf /usr/local/lib/python3.13/ensurepip
build-push	Build image	2026-10-05T06:24:30.5090186Z #7 2.043 Found existing installation: pip 26.2.1
build-push	Build image	2026-10-05T06:24:30.6409014Z #7 2.094 Uninstalling pip-26.2.1:
build-push	Build image	2026-10-05T06:24:30.6409650Z #7 2.115   Successfully uninstalled pip-26.2.1
build-push	Build image	2026-10-05T06:24:30.6410328Z #7 2.175 WARNING: Skipping setuptools as it is not installed.
build-push	Build image	2026-10-05T06:24:30.8661041Z #7 2.178 WARNING: Skipping wheel as it is not installed.
build-push	Build image	2026-10-05T06:24:30.8662231Z #7 2.180 WARNING: Skipping msgpack as it is not installed.
build-push	Build image	2026-10-05T06:24:30.8662671Z #7 2.183 WARNING: Skipping urllib3 as it is not installed.
build-push	Build image	2026-10-05T06:24:30.8664582Z #7 2.183 WARNING: Running pip as the 'root' user can result in broken permissions and conflicting behaviour with the system package manager, possibly rendering your system unusable. It is recommended to use a virtual environment instead: https://pip.pypa.io/warnings/venv. Use the --root-user-action option if you know what you are doing and want to suppress this warning.
build-push	Build image	2026-10-05T06:24:30.8666959Z #7 DONE 2.3s
build-push	Build image	2026-10-05T06:24:30.8667174Z 
build-push	Build image	2026-10-05T06:24:30.8669130Z #8 [3/5] RUN addgroup -g 10001 app && adduser -D -u 10001 -G app app     && mkdir /data && chown app:app /data
build-push	Build image	2026-10-05T06:24:30.8670007Z #8 DONE 0.1s
build-push	Build image	2026-10-05T06:24:31.0563216Z 
build-push	Build image	2026-10-05T06:24:31.0563626Z #9 [4/5] WORKDIR /app
build-push	Build image	2026-10-05T06:24:31.0563912Z #9 DONE 0.0s
build-push	Build image	2026-10-05T06:24:31.0564040Z 
build-push	Build image	2026-10-05T06:24:31.0564308Z #10 [5/5] COPY --chown=app:app application/app.py application/index.html ./
build-push	Build image	2026-10-05T06:24:31.0564744Z #10 DONE 0.0s
build-push	Build image	2026-10-05T06:24:31.0564873Z 
build-push	Build image	2026-10-05T06:24:31.0564961Z #11 exporting to image
build-push	Build image	2026-10-05T06:24:31.0565297Z #11 exporting layers
build-push	Build image	2026-10-05T06:24:31.1688616Z #11 exporting layers 0.3s done
build-push	Build image	2026-10-05T06:24:31.1854522Z #11 writing image sha256:9c59f2498eb137211e186f5912ecb429acc1ca6469aac2042f61f594e1fcac50 done
build-push	Build image	2026-10-05T06:24:31.1856899Z #11 naming to ghcr.io/rajasurya-rjs/devops-heros/ops-notes:e1b3f65fc09b6226b28141fc6748c03ceda87c93 done
build-push	Build image	2026-10-05T06:24:31.1858586Z #11 DONE 0.3s
build-push	Install Trivy	﻿2026-10-05T06:24:31.2077410Z ##[group]Run aquasecurity/setup-trivy@v0.3.1
build-push	Install Trivy	2026-10-05T06:24:31.2078023Z with:
build-push	Install Trivy	2026-10-05T06:24:31.2078222Z   version: latest
build-push	Install Trivy	2026-10-05T06:24:31.2078423Z   cache: false
build-push	Install Trivy	2026-10-05T06:24:31.2080977Z   token: ***
build-push	Install Trivy	2026-10-05T06:24:31.2081214Z   github-server-url: https://github.com
build-push	Install Trivy	2026-10-05T06:24:31.2081504Z ##[endgroup]
build-push	Install Trivy	2026-10-05T06:24:31.2144182Z ##[start-action display=Binary dir;id=__aquasecurity_setup-trivy.binary-dir]
build-push	Install Trivy	2026-10-05T06:24:31.2168861Z ##[group]Run # `path` is passed via env to avoid script injection. As a result, shell
build-push	Install Trivy	2026-10-05T06:24:31.2169434Z [36;1m# `path` is passed via env to avoid script injection. As a result, shell[0m
build-push	Install Trivy	2026-10-05T06:24:31.2169964Z [36;1m# variables (e.g. $HOME) and `~` inside it are NOT expanded. We validate it to:[0m
build-push	Install Trivy	2026-10-05T06:24:31.2170532Z [36;1m#   1. fail early with a clear message instead of silently creating a directory[0m
build-push	Install Trivy	2026-10-05T06:24:31.2170956Z [36;1m#      literally named `$HOME`;[0m
build-push	Install Trivy	2026-10-05T06:24:31.2171346Z [36;1m#   2. reject newlines, which could otherwise inject extra lines into the[0m
build-push	Install Trivy	2026-10-05T06:24:31.2171862Z [36;1m#      `$GITHUB_OUTPUT` file (and thus poison the `dir` output).[0m
build-push	Install Trivy	2026-10-05T06:24:31.2172227Z [36;1mcase "${INPUT_PATH}" in[0m
build-push	Install Trivy	2026-10-05T06:24:31.2172477Z [36;1m  *'$'* | *'~'*)[0m
build-push	Install Trivy	2026-10-05T06:24:31.2173434Z [36;1m    echo "::error::The 'path' input must be a literal path. Shell variables (e.g. \$HOME, \$USER) and '~' are not expanded. Use a GitHub expression that is resolved before the step runs, a relative path, or leave 'path' empty to use the default (\$HOME/.local/bin)." >&2[0m
build-push	Install Trivy	2026-10-05T06:24:31.2174590Z [36;1m    exit 1[0m
build-push	Install Trivy	2026-10-05T06:24:31.2174791Z [36;1m    ;;[0m
build-push	Install Trivy	2026-10-05T06:24:31.2174987Z [36;1m  *[$'\n\r']*)[0m
build-push	Install Trivy	2026-10-05T06:24:31.2175324Z [36;1m    echo "::error::The 'path' input must not contain newline characters." >&2[0m
build-push	Install Trivy	2026-10-05T06:24:31.2175714Z [36;1m    exit 1[0m
build-push	Install Trivy	2026-10-05T06:24:31.2175916Z [36;1m    ;;[0m
build-push	Install Trivy	2026-10-05T06:24:31.2176105Z [36;1mesac[0m
build-push	Install Trivy	2026-10-05T06:24:31.2176483Z [36;1m# Default path. Keep `$HOME/.local/bin` in sync with the `path` input description above.[0m
build-push	Install Trivy	2026-10-05T06:24:31.2177046Z [36;1mecho "dir=${INPUT_PATH:-$HOME/.local/bin}/trivy-bin" >> "$GITHUB_OUTPUT"[0m
build-push	Install Trivy	2026-10-05T06:24:31.2239136Z shell: /usr/bin/bash --noprofile --norc -e -o pipefail {0}
build-push	Install Trivy	2026-10-05T06:24:31.2239485Z env:
build-push	Install Trivy	2026-10-05T06:24:31.2239673Z   INPUT_PATH: 
build-push	Install Trivy	2026-10-05T06:24:31.2239882Z ##[endgroup]
build-push	Install Trivy	2026-10-05T06:24:31.2329386Z ##[end-action id=__aquasecurity_setup-trivy.binary-dir;outcome=success;conclusion=success;duration_ms=18]
build-push	Install Trivy	2026-10-05T06:24:31.2331740Z ##[start-action display=Check the version for caching;id=__aquasecurity_setup-trivy.__run]
build-push	Install Trivy	2026-10-05T06:24:31.2350035Z ##[end-action id=__aquasecurity_setup-trivy.__run;outcome=skipped;conclusion=skipped;duration_ms=0]
build-push	Install Trivy	2026-10-05T06:24:31.2352169Z ##[start-action display=Restore Trivy binary from cache;id=__aquasecurity_setup-trivy.cache]
build-push	Install Trivy	2026-10-05T06:24:31.2358849Z ##[end-action id=__aquasecurity_setup-trivy.cache;outcome=skipped;conclusion=skipped;duration_ms=0]
build-push	Install Trivy	2026-10-05T06:24:31.2360867Z ##[start-action display=Checkout install script;id=__aquasecurity_setup-trivy.__actions_checkout]
build-push	Install Trivy	2026-10-05T06:24:31.2445967Z ##[group]Run actions/checkout@8e8c483db84b4bee98b60c0593521ed34d9990e8
build-push	Install Trivy	2026-10-05T06:24:31.2446355Z with:
build-push	Install Trivy	2026-10-05T06:24:31.2446563Z   repository: aquasecurity/trivy
build-push	Install Trivy	2026-10-05T06:24:31.2446829Z   sparse-checkout: contrib
build-push	Install Trivy	
build-push	Install Trivy	2026-10-05T06:24:31.2447065Z   path: trivy
build-push	Install Trivy	2026-10-05T06:24:31.2447271Z   fetch-depth: 1
build-push	Install Trivy	2026-10-05T06:24:31.2447507Z   ref: 75c4dc0f45c5d7ffd05ae26df1e0c666787bdf2a
build-push	Install Trivy	2026-10-05T06:24:31.2448170Z   github-server-url: https://github.com
build-push	Install Trivy	2026-10-05T06:24:31.2450852Z   token: ***
build-push	Install Trivy	2026-10-05T06:24:31.2451063Z   ssh-strict: true
build-push	Install Trivy	2026-10-05T06:24:31.2451270Z   ssh-user: git
build-push	Install Trivy	2026-10-05T06:24:31.2451484Z   persist-credentials: true
build-push	Install Trivy	2026-10-05T06:24:31.2451725Z   clean: true
build-push	Install Trivy	2026-10-05T06:24:31.2451941Z   sparse-checkout-cone-mode: true
build-push	Install Trivy	2026-10-05T06:24:31.2452202Z   fetch-tags: false
build-push	Install Trivy	2026-10-05T06:24:31.2452645Z   show-progress: true
build-push	Install Trivy	2026-10-05T06:24:31.2452863Z   lfs: false
build-push	Install Trivy	2026-10-05T06:24:31.2453057Z   submodules: false
build-push	Install Trivy	2026-10-05T06:24:31.2453347Z   set-safe-directory: true
build-push	Install Trivy	2026-10-05T06:24:31.2453604Z ##[endgroup]
build-push	Install Trivy	2026-10-05T06:24:31.3273522Z Syncing repository: aquasecurity/trivy
build-push	Install Trivy	2026-10-05T06:24:31.3274427Z ##[group]Getting Git version info
build-push	Install Trivy	2026-10-05T06:24:31.3275131Z Working directory is '/home/runner/work/devops-heros/devops-heros/trivy'
build-push	Install Trivy	2026-10-05T06:24:31.3319349Z [command]/usr/bin/git version
build-push	Install Trivy	2026-10-05T06:24:31.3362804Z git version 2.55.0
build-push	Install Trivy	2026-10-05T06:24:31.3386310Z ##[endgroup]
build-push	Install Trivy	2026-10-05T06:24:31.3401278Z Temporarily overriding HOME='/home/runner/work/_temp/bb5c5216-7487-4833-b9fb-5a05b2522834' before making global git config changes
build-push	Install Trivy	2026-10-05T06:24:31.3402286Z Adding repository directory to the temporary git global config as a safe directory
build-push	Install Trivy	2026-10-05T06:24:31.3406735Z [command]/usr/bin/git config --global --add safe.directory /home/runner/work/devops-heros/devops-heros/trivy
build-push	Install Trivy	2026-10-05T06:24:31.3441477Z ##[group]Initializing the repository
build-push	Install Trivy	2026-10-05T06:24:31.3446987Z [command]/usr/bin/git init /home/runner/work/devops-heros/devops-heros/trivy
build-push	Install Trivy	2026-10-05T06:24:31.3490652Z hint: Using 'master' as the name for the initial branch. This default branch name
build-push	Install Trivy	2026-10-05T06:24:31.3491782Z hint: will change to "main" in Git 3.0. To configure the initial branch name
build-push	Install Trivy	2026-10-05T06:24:31.3493071Z hint: to use in all of your new repositories, which will suppress this warning,
build-push	Install Trivy	2026-10-05T06:24:31.3493918Z hint: call:
build-push	Install Trivy	2026-10-05T06:24:31.3525150Z hint:
build-push	Install Trivy	2026-10-05T06:24:31.3525914Z hint: 	git config --global init.defaultBranch <name>
build-push	Install Trivy	2026-10-05T06:24:31.3526956Z hint:
build-push	Install Trivy	2026-10-05T06:24:31.3527599Z hint: Names commonly chosen instead of 'master' are 'main', 'trunk' and
build-push	Install Trivy	2026-10-05T06:24:31.3528835Z hint: 'development'. The just-created branch can be renamed via this command:
build-push	Install Trivy	2026-10-05T06:24:31.3529725Z hint:
build-push	Install Trivy	2026-10-05T06:24:31.3530200Z hint: 	git branch -m <name>
build-push	Install Trivy	2026-10-05T06:24:31.3530739Z hint:
build-push	Install Trivy	2026-10-05T06:24:31.3531499Z hint: Disable this message with "git config set advice.defaultBranchName false"
build-push	Install Trivy	2026-10-05T06:24:31.3532796Z Initialized empty Git repository in /home/runner/work/devops-heros/devops-heros/trivy/.git/
build-push	Install Trivy	2026-10-05T06:24:31.3534918Z [command]/usr/bin/git remote add origin https://github.com/aquasecurity/trivy
build-push	Install Trivy	2026-10-05T06:24:31.3548359Z ##[endgroup]
build-push	Install Trivy	2026-10-05T06:24:31.3549067Z ##[group]Disabling automatic garbage collection
build-push	Install Trivy	2026-10-05T06:24:31.3554159Z [command]/usr/bin/git config --local gc.auto 0
build-push	Install Trivy	2026-10-05T06:24:31.3585829Z ##[endgroup]
build-push	Install Trivy	2026-10-05T06:24:31.3586496Z ##[group]Setting up auth
build-push	Install Trivy	2026-10-05T06:24:31.3587900Z Removing SSH command configuration
build-push	Install Trivy	2026-10-05T06:24:31.3594150Z [command]/usr/bin/git config --local --name-only --get-regexp core\.sshCommand
build-push	Install Trivy	2026-10-05T06:24:31.3628310Z [command]/usr/bin/git submodule foreach --recursive sh -c "git config --local --name-only --get-regexp 'core\.sshCommand' && git config --local --unset-all 'core.sshCommand' || :"
build-push	Install Trivy	2026-10-05T06:24:31.3863703Z Removing HTTP extra header
build-push	Install Trivy	2026-10-05T06:24:31.3881007Z [command]/usr/bin/git config --local --name-only --get-regexp http\.https\:\/\/github\.com\/\.extraheader
build-push	Install Trivy	2026-10-05T06:24:31.3908543Z [command]/usr/bin/git submodule foreach --recursive sh -c "git config --local --name-only --get-regexp 'http\.https\:\/\/github\.com\/\.extraheader' && git config --local --unset-all 'http.https://github.com/.extraheader' || :"
build-push	Install Trivy	2026-10-05T06:24:31.4151380Z Removing includeIf entries pointing to credentials config files
build-push	Install Trivy	2026-10-05T06:24:31.4160100Z [command]/usr/bin/git config --local --name-only --get-regexp ^includeIf\.gitdir:
build-push	Install Trivy	2026-10-05T06:24:31.4201424Z [command]/usr/bin/git submodule foreach --recursive git config --local --show-origin --name-only --get-regexp remote.origin.url
build-push	Install Trivy	2026-10-05T06:24:31.4458780Z [command]/usr/bin/git config --file /home/runner/work/_temp/git-credentials-4556dae2-8703-4fa4-b97b-7a7d1eed2928.config http.https://github.com/.extraheader AUTHORIZATION: basic ***
build-push	Install Trivy	2026-10-05T06:24:31.4502389Z [command]/usr/bin/git config --local includeIf.gitdir:/home/runner/work/devops-heros/devops-heros/trivy/.git.path /home/runner/work/_temp/git-credentials-4556dae2-8703-4fa4-b97b-7a7d1eed2928.config
build-push	Install Trivy	2026-10-05T06:24:31.4538820Z [command]/usr/bin/git config --local includeIf.gitdir:/home/runner/work/devops-heros/devops-heros/trivy/.git/worktrees/*.path /home/runner/work/_temp/git-credentials-4556dae2-8703-4fa4-b97b-7a7d1eed2928.config
build-push	Install Trivy	2026-10-05T06:24:31.4575294Z [command]/usr/bin/git config --local includeIf.gitdir:/github/workspace/trivy/.git.path /github/runner_temp/git-credentials-4556dae2-8703-4fa4-b97b-7a7d1eed2928.config
build-push	Install Trivy	2026-10-05T06:24:31.4616110Z [command]/usr/bin/git config --local includeIf.gitdir:/github/workspace/trivy/.git/worktrees/*.path /github/runner_temp/git-credentials-4556dae2-8703-4fa4-b97b-7a7d1eed2928.config
build-push	Install Trivy	2026-10-05T06:24:31.4646334Z ##[endgroup]
build-push	Install Trivy	2026-10-05T06:24:31.4646786Z ##[group]Fetching the repository
build-push	Install Trivy	2026-10-05T06:24:31.4654779Z [command]/usr/bin/git -c protocol.version=2 fetch --no-tags --prune --no-recurse-submodules --filter=blob:none --depth=1 origin 75c4dc0f45c5d7ffd05ae26df1e0c666787bdf2a
build-push	Install Trivy	2026-10-05T06:24:31.8040415Z From https://github.com/aquasecurity/trivy
build-push	Install Trivy	2026-10-05T06:24:31.8041161Z  * branch            75c4dc0f45c5d7ffd05ae26df1e0c666787bdf2a -> FETCH_HEAD
build-push	Install Trivy	2026-10-05T06:24:31.8042126Z ##[endgroup]
build-push	Install Trivy	2026-10-05T06:24:31.8042497Z ##[group]Determining the checkout info
build-push	Install Trivy	2026-10-05T06:24:31.8042905Z ##[endgroup]
build-push	Install Trivy	2026-10-05T06:24:31.8043256Z ##[group]Setting up sparse checkout
build-push	Install Trivy	2026-10-05T06:24:31.8048658Z [command]/usr/bin/git sparse-checkout set contrib
build-push	Install Trivy	2026-10-05T06:24:31.8087550Z ##[endgroup]
build-push	Install Trivy	2026-10-05T06:24:31.8088530Z ##[group]Checking out the ref
build-push	Install Trivy	2026-10-05T06:24:31.8092890Z [command]/usr/bin/git checkout --progress --force 75c4dc0f45c5d7ffd05ae26df1e0c666787bdf2a
build-push	Install Trivy	2026-10-05T06:24:32.1398147Z Note: switching to '75c4dc0f45c5d7ffd05ae26df1e0c666787bdf2a'.
build-push	Install Trivy	2026-10-05T06:24:32.1398532Z 
build-push	Install Trivy	2026-10-05T06:24:32.1398771Z You are in 'detached HEAD' state. You can look around, make experimental
build-push	Install Trivy	2026-10-05T06:24:32.1399362Z changes and commit them, and you can discard any commits you make in this
build-push	Install Trivy	2026-10-05T06:24:32.1399903Z state without impacting any branches by switching back to a branch.
build-push	Install Trivy	2026-10-05T06:24:32.1400227Z 
build-push	Install Trivy	2026-10-05T06:24:32.1400438Z If you want to create a new branch to retain commits you create, you may
build-push	Install Trivy	2026-10-05T06:24:32.1400970Z do so (now or later) by using -c with the switch command. Example:
build-push	Install Trivy	2026-10-05T06:24:32.1401269Z 
build-push	Install Trivy	2026-10-05T06:24:32.1401388Z   git switch -c <new-branch-name>
build-push	Install Trivy	2026-10-05T06:24:32.1401682Z 
build-push	Install Trivy	2026-10-05T06:24:32.1401867Z Or undo this operation with:
build-push	Install Trivy	2026-10-05T06:24:32.1402159Z 
build-push	Install Trivy	2026-10-05T06:24:32.1402328Z   git switch -
build-push	Install Trivy	2026-10-05T06:24:32.1402541Z 
build-push	Install Trivy	2026-10-05T06:24:32.1402920Z Turn off this advice by setting config variable advice.detachedHead to false
build-push	Install Trivy	2026-10-05T06:24:32.1403545Z 
build-push	Install Trivy	2026-10-05T06:24:32.1403913Z HEAD is now at 75c4dc0 chore: add client option to install script (#9962)
build-push	Install Trivy	2026-10-05T06:24:32.1406499Z ##[endgroup]
build-push	Install Trivy	2026-10-05T06:24:32.1451264Z [command]/usr/bin/git log -1 --format=%H
build-push	Install Trivy	2026-10-05T06:24:32.1480852Z 75c4dc0f45c5d7ffd05ae26df1e0c666787bdf2a
build-push	Install Trivy	2026-10-05T06:24:32.1581598Z ##[end-action id=__aquasecurity_setup-trivy.__actions_checkout;outcome=success;conclusion=success;duration_ms=921]
build-push	Install Trivy	2026-10-05T06:24:32.1586169Z ##[start-action display=Install Trivy;id=__aquasecurity_setup-trivy.__run_2]
build-push	Install Trivy	2026-10-05T06:24:32.1606196Z ##[group]Run echo "installing Trivy binary"
build-push	Install Trivy	2026-10-05T06:24:32.1606542Z [36;1mecho "installing Trivy binary"[0m
build-push	Install Trivy	2026-10-05T06:24:32.1606997Z [36;1mbash ./trivy/contrib/install.sh -b "${BINARY_DIR}" -c setup-trivy "${TRIVY_VERSION}"[0m
build-push	Install Trivy	2026-10-05T06:24:32.1607512Z [36;1mcp -r ./trivy/contrib "${BINARY_DIR}/contrib"[0m
build-push	Install Trivy	2026-10-05T06:24:32.1608138Z [36;1mrm -rf ./trivy[0m
build-push	Install Trivy	2026-10-05T06:24:32.1669914Z shell: /usr/bin/bash --noprofile --norc -e -o pipefail {0}
build-push	Install Trivy	2026-10-05T06:24:32.1670257Z env:
build-push	Install Trivy	2026-10-05T06:24:32.1670493Z   BINARY_DIR: /home/runner/.local/bin/trivy-bin
build-push	Install Trivy	2026-10-05T06:24:32.1670802Z   TRIVY_VERSION: latest
build-push	Install Trivy	2026-10-05T06:24:32.1671196Z ##[endgroup]
build-push	Install Trivy	2026-10-05T06:24:32.1746962Z installing Trivy binary
build-push	Install Trivy	2026-10-05T06:24:32.1888947Z aquasecurity/trivy info checking GitHub for tag 'latest'
build-push	Install Trivy	2026-10-05T06:24:32.2826920Z aquasecurity/trivy info found version: 0.75.0 for v0.75.0/Linux/64bit
build-push	Install Trivy	2026-10-05T06:24:33.6879291Z aquasecurity/trivy info installed /home/runner/.local/bin/trivy-bin/trivy
build-push	Install Trivy	2026-10-05T06:24:33.7324548Z ##[end-action id=__aquasecurity_setup-trivy.__run_2;outcome=success;conclusion=success;duration_ms=1573]
build-push	Install Trivy	2026-10-05T06:24:33.7328905Z ##[start-action display=Add Trivy binary to $GITHUB_PATH;id=__aquasecurity_setup-trivy.__run_3]
build-push	Install Trivy	2026-10-05T06:24:33.7344379Z ##[group]Run echo "${BINARY_DIR}" >> "$GITHUB_PATH"
build-push	Install Trivy	2026-10-05T06:24:33.7344747Z [36;1mecho "${BINARY_DIR}" >> "$GITHUB_PATH"[0m
build-push	Install Trivy	2026-10-05T06:24:33.7406452Z shell: /usr/bin/bash --noprofile --norc -e -o pipefail {0}
build-push	Install Trivy	2026-10-05T06:24:33.7406797Z env:
build-push	Install Trivy	2026-10-05T06:24:33.7407027Z   BINARY_DIR: /home/runner/.local/bin/trivy-bin
build-push	Install Trivy	2026-10-05T06:24:33.7407345Z ##[endgroup]
build-push	Install Trivy	2026-10-05T06:24:33.7489929Z ##[end-action id=__aquasecurity_setup-trivy.__run_3;outcome=success;conclusion=success;duration_ms=16]
build-push	Install Trivy	2026-10-05T06:24:33.7491931Z ##[start-action display=Save Trivy binary to cache;id=__aquasecurity_setup-trivy.__actions_cache]
build-push	Install Trivy	2026-10-05T06:24:33.7496112Z ##[end-action id=__aquasecurity_setup-trivy.__actions_cache;outcome=skipped;conclusion=skipped;duration_ms=0]
build-push	Container security gate	﻿2026-10-05T06:24:33.7529675Z ##[group]Run set -o pipefail
build-push	Container security gate	2026-10-05T06:24:33.7529991Z [36;1mset -o pipefail[0m
build-push	Container security gate	2026-10-05T06:24:33.7530231Z [36;1mmkdir -p reports[0m
build-push	Container security gate	2026-10-05T06:24:33.7531268Z [36;1mtrivy image --scanners vuln --severity HIGH,CRITICAL --ignore-unfixed --exit-code 1 'ghcr.io/rajasurya-rjs/devops-heros/ops-notes:e1b3f65fc09b6226b28141fc6748c03ceda87c93' 2>&1 | tee reports/image-scan.txt[0m
build-push	Container security gate	2026-10-05T06:24:33.7588485Z shell: /usr/bin/bash -e {0}
build-push	Container security gate	2026-10-05T06:24:33.7588752Z ##[endgroup]
build-push	Container security gate	2026-10-05T06:24:33.8491500Z 2026-10-05T06:24:33Z	INFO	[vulndb] Need to update DB
build-push	Container security gate	2026-10-05T06:24:33.8492027Z 2026-10-05T06:24:33Z	INFO	[vulndb] Downloading vulnerability DB...
build-push	Container security gate	2026-10-05T06:24:33.8492642Z 2026-10-05T06:24:33Z	INFO	[vulndb] Downloading artifact...	repo="mirror.gcr.io/aquasec/trivy-db:2"
build-push	Container security gate	2026-10-05T06:24:37.9737504Z 30.06 MiB / 121.10 MiB [-------------->_____________________________________________] 24.83% ? p/s ?94.00 MiB / 121.10 MiB [---------------------------------------------->_____________] 77.62% ? p/s ?121.10 MiB / 121.10 MiB [--------------------------------------------------------->] 100.00% ? p/s ?121.10 MiB / 121.10 MiB [------------------------------------------->] 100.00% 151.67 MiB p/s ETA 0s121.10 MiB / 121.10 MiB [------------------------------------------->] 100.00% 151.67 MiB p/s ETA 0s121.10 MiB / 121.10 MiB [------------------------------------------->] 100.00% 151.67 MiB p/s ETA 0s121.10 MiB / 121.10 MiB [------------------------------------------->] 100.00% 141.89 MiB p/s ETA 0s121.10 MiB / 121.10 MiB [------------------------------------------->] 100.00% 141.89 MiB p/s ETA 0s121.10 MiB / 121.10 MiB [------------------------------------------->] 100.00% 141.89 MiB p/s ETA 0s121.10 MiB / 121.10 MiB [------------------------------------------->] 100.00% 132.73 MiB p/s ETA 0s121.10 MiB / 121.10 MiB [------------------------------------------->] 100.00% 132.73 MiB p/s ETA 0s121.10 MiB / 121.10 MiB [------------------------------------------->] 100.00% 132.73 MiB p/s ETA 0s121.10 MiB / 121.10 MiB [------------------------------------------->] 100.00% 124.17 MiB p/s ETA 0s121.10 MiB / 121.10 MiB [------------------------------------------->] 100.00% 124.17 MiB p/s ETA 0s121.10 MiB / 121.10 MiB [------------------------------------------->] 100.00% 124.17 MiB p/s ETA 0s121.10 MiB / 121.10 MiB [------------------------------------------->] 100.00% 116.16 MiB p/s ETA 0s121.10 MiB / 121.10 MiB [------------------------------------------->] 100.00% 116.16 MiB p/s ETA 0s121.10 MiB / 121.10 MiB [------------------------------------------->] 100.00% 116.16 MiB p/s ETA 0s121.10 MiB / 121.10 MiB [-----------------------------------------------] 100.00% 34.30 MiB p/s 3.7s2026-10-05T06:24:37Z	INFO	[vulndb] Artifact successfully downloaded	repo="mirror.gcr.io/aquasec/trivy-db:2"
build-push	Container security gate	2026-10-05T06:24:37.9746247Z 2026-10-05T06:24:37Z	INFO	[vuln] Vulnerability scanning is enabled
build-push	Container security gate	2026-10-05T06:24:42.0186363Z 2026-10-05T06:24:42Z	WARN	Third-party SBOM may lead to inaccurate vulnerability detection
build-push	Container security gate	2026-10-05T06:24:42.0187448Z 2026-10-05T06:24:42Z	WARN	Recommend using Trivy to generate SBOMs
build-push	Container security gate	2026-10-05T06:24:42.0341336Z 2026-10-05T06:24:42Z	INFO	Detected OS	family="alpine" version="3.24.2"
build-push	Container security gate	2026-10-05T06:24:42.0351142Z 2026-10-05T06:24:42Z	INFO	[alpine] Detecting vulnerabilities...	os_version="3.24" repository="3.24" pkg_num=29
build-push	Container security gate	2026-10-05T06:24:42.0375754Z 2026-10-05T06:24:42Z	INFO	Number of language-specific files	num=0
build-push	Container security gate	2026-10-05T06:24:42.0469513Z 
build-push	Container security gate	2026-10-05T06:24:42.0469770Z Report Summary
build-push	Container security gate	2026-10-05T06:24:42.0470001Z 
build-push	Container security gate	2026-10-05T06:24:42.0470834Z ┌──────────────────────────────────────────────────────────────────────────────────┬────────┬─────────────────┐
build-push	Container security gate	2026-10-05T06:24:42.0471939Z │                                      Target                                      │  Type  │ Vulnerabilities │
build-push	Container security gate	2026-10-05T06:24:42.0473093Z ├──────────────────────────────────────────────────────────────────────────────────┼────────┼─────────────────┤
build-push	Container security gate	2026-10-05T06:24:42.0474417Z │ ghcr.io/rajasurya-rjs/devops-heros/ops-notes:e1b3f65fc09b6226b28141fc6748c03ced- │ alpine │        0        │
build-push	Container security gate	2026-10-05T06:24:42.0476005Z │ a87c93 (alpine 3.24.2)                                                           │        │                 │
build-push	Container security gate	2026-10-05T06:24:42.0477392Z └──────────────────────────────────────────────────────────────────────────────────┴────────┴─────────────────┘
build-push	Container security gate	2026-10-05T06:24:42.0478310Z Legend:
build-push	Container security gate	2026-10-05T06:24:42.0478599Z - '-': Not scanned
build-push	Container security gate	2026-10-05T06:24:42.0478959Z - '0': Clean (no security findings detected)
build-push	Container security gate	2026-10-05T06:24:42.0479285Z 
build-push	Publish tested image to GHCR	﻿2026-10-05T06:24:42.0543304Z ##[group]Run printf '%s' "$REGISTRY_TOKEN" | docker login ghcr.io -u "$GITHUB_ACTOR" --password-stdin
build-push	Publish tested image to GHCR	2026-10-05T06:24:42.0544518Z [36;1mprintf '%s' "$REGISTRY_TOKEN" | docker login ghcr.io -u "$GITHUB_ACTOR" --password-stdin[0m
build-push	Publish tested image to GHCR	2026-10-05T06:24:42.0545753Z [36;1mdocker push 'ghcr.io/rajasurya-rjs/devops-heros/ops-notes:e1b3f65fc09b6226b28141fc6748c03ceda87c93'[0m
build-push	Publish tested image to GHCR	2026-10-05T06:24:42.0636416Z shell: /usr/bin/bash -e {0}
build-push	Publish tested image to GHCR	2026-10-05T06:24:42.0636856Z env:
build-push	Publish tested image to GHCR	2026-10-05T06:24:42.0642442Z   REGISTRY_TOKEN: ***
build-push	Publish tested image to GHCR	2026-10-05T06:24:42.0642892Z ##[endgroup]
build-push	Publish tested image to GHCR	2026-10-05T06:24:42.3654770Z 
build-push	Publish tested image to GHCR	2026-10-05T06:24:42.3655102Z Login Succeeded
build-push	Publish tested image to GHCR	2026-10-05T06:24:42.3656021Z WARNING! Your credentials are stored unencrypted in '/home/runner/.docker/config.json'.
build-push	Publish tested image to GHCR	2026-10-05T06:24:42.3657040Z Configure a credential helper to remove this warning. See
build-push	Publish tested image to GHCR	2026-10-05T06:24:42.3658008Z https://docs.docker.com/go/credential-store/
build-push	Publish tested image to GHCR	2026-10-05T06:24:42.3658609Z 
build-push	Publish tested image to GHCR	2026-10-05T06:24:42.3872368Z The push refers to repository [ghcr.io/rajasurya-rjs/devops-heros/ops-notes]
build-push	Publish tested image to GHCR	2026-10-05T06:24:42.4542820Z 8c7f293751be: Preparing
build-push	Publish tested image to GHCR	2026-10-05T06:24:42.4543387Z 551bb5afd975: Preparing
build-push	Publish tested image to GHCR	2026-10-05T06:24:42.4544035Z 1fd8c4c90780: Preparing
build-push	Publish tested image to GHCR	2026-10-05T06:24:42.4544669Z c29e4a0d18fd: Preparing
build-push	Publish tested image to GHCR	2026-10-05T06:24:42.4545284Z 09b41e0a8d45: Preparing
build-push	Publish tested image to GHCR	2026-10-05T06:24:42.4546721Z 4b3c5e4553e1: Preparing
build-push	Publish tested image to GHCR	2026-10-05T06:24:42.4547402Z ebc25a728871: Preparing
build-push	Publish tested image to GHCR	2026-10-05T06:24:42.4548072Z 74d97c428c51: Preparing
build-push	Publish tested image to GHCR	2026-10-05T06:24:42.4552578Z 4b3c5e4553e1: Waiting
build-push	Publish tested image to GHCR	2026-10-05T06:24:42.4553262Z ebc25a728871: Waiting
build-push	Publish tested image to GHCR	2026-10-05T06:24:42.4554028Z 74d97c428c51: Waiting
build-push	Publish tested image to GHCR	2026-10-05T06:24:42.6592163Z 09b41e0a8d45: Layer already exists
build-push	Publish tested image to GHCR	2026-10-05T06:24:42.7389633Z 4b3c5e4553e1: Layer already exists
build-push	Publish tested image to GHCR	2026-10-05T06:24:42.8225975Z ebc25a728871: Layer already exists
build-push	Publish tested image to GHCR	2026-10-05T06:24:42.9150049Z 74d97c428c51: Layer already exists
build-push	Publish tested image to GHCR	2026-10-05T06:24:43.9331090Z 1fd8c4c90780: Pushed
build-push	Publish tested image to GHCR	2026-10-05T06:24:43.9338892Z 551bb5afd975: Pushed
build-push	Publish tested image to GHCR	2026-10-05T06:24:44.0397464Z c29e4a0d18fd: Pushed
build-push	Publish tested image to GHCR	2026-10-05T06:24:44.2613823Z 8c7f293751be: Pushed
build-push	Publish tested image to GHCR	2026-10-05T06:24:46.2145414Z e1b3f65fc09b6226b28141fc6748c03ceda87c93: digest: sha256:e67d3aa4996537b34f9cf1adba096dae37456ae7ee79462e5e3ad76eee3fee38 size: 1989
build-push	Run docker/setup-qemu-action@v3	﻿2026-10-05T06:24:46.2242684Z ##[group]Run docker/setup-qemu-action@v3
build-push	Run docker/setup-qemu-action@v3	2026-10-05T06:24:46.2243190Z with:
build-push	Run docker/setup-qemu-action@v3	2026-10-05T06:24:46.2243549Z   image: docker.io/tonistiigi/binfmt:latest
build-push	Run docker/setup-qemu-action@v3	2026-10-05T06:24:46.2243996Z   platforms: all
build-push	Run docker/setup-qemu-action@v3	2026-10-05T06:24:46.2244352Z   cache-image: true
build-push	Run docker/setup-qemu-action@v3	2026-10-05T06:24:46.2244697Z ##[endgroup]
build-push	Run docker/setup-qemu-action@v3	2026-10-05T06:24:46.4640459Z ##[group]Docker info
build-push	Run docker/setup-qemu-action@v3	2026-10-05T06:24:46.4660980Z (node:2738) [DEP0040] DeprecationWarning: The `punycode` module is deprecated. Please use a userland alternative instead.
build-push	Run docker/setup-qemu-action@v3	2026-10-05T06:24:46.4662245Z (Use `node --trace-deprecation ...` to show where the warning was created)
build-push	Run docker/setup-qemu-action@v3	2026-10-05T06:24:46.4693070Z [command]/usr/bin/docker version
build-push	Run docker/setup-qemu-action@v3	2026-10-05T06:24:46.4905123Z Client: Docker Engine - Community
build-push	Run docker/setup-qemu-action@v3	2026-10-05T06:24:46.4908441Z  Version:           28.0.4
build-push	Run docker/setup-qemu-action@v3	2026-10-05T06:24:46.4908887Z  API version:       1.48
build-push	Run docker/setup-qemu-action@v3	2026-10-05T06:24:46.4909289Z  Go version:        go1.23.7
build-push	Run docker/setup-qemu-action@v3	2026-10-05T06:24:46.4909706Z  Git commit:        b8034c0
build-push	Run docker/setup-qemu-action@v3	2026-10-05T06:24:46.4910134Z  Built:             Tue Mar 25 15:07:16 2025
build-push	Run docker/setup-qemu-action@v3	2026-10-05T06:24:46.4910680Z  OS/Arch:           linux/amd64
build-push	Run docker/setup-qemu-action@v3	2026-10-05T06:24:46.4911082Z  Context:           default
build-push	Run docker/setup-qemu-action@v3	2026-10-05T06:24:46.4911330Z 
build-push	Run docker/setup-qemu-action@v3	2026-10-05T06:24:46.4911499Z Server: Docker Engine - Community
build-push	Run docker/setup-qemu-action@v3	2026-10-05T06:24:46.4911916Z  Engine:
build-push	Run docker/setup-qemu-action@v3	2026-10-05T06:24:46.4912270Z   Version:          28.0.4
build-push	Run docker/setup-qemu-action@v3	2026-10-05T06:24:46.4912709Z   API version:      1.48 (minimum version 1.24)
build-push	Run docker/setup-qemu-action@v3	2026-10-05T06:24:46.4913650Z   Go version:       go1.23.7
build-push	Run docker/setup-qemu-action@v3	2026-10-05T06:24:46.4914054Z   Git commit:       6430e49
build-push	Run docker/setup-qemu-action@v3	2026-10-05T06:24:46.4914462Z   Built:            Tue Mar 25 15:07:16 2025
build-push	Run docker/setup-qemu-action@v3	2026-10-05T06:24:46.4915361Z   OS/Arch:          linux/amd64
build-push	Run docker/setup-qemu-action@v3	2026-10-05T06:24:46.4915800Z   Experimental:     false
build-push	Run docker/setup-qemu-action@v3	2026-10-05T06:24:46.4916330Z  containerd:
build-push	Run docker/setup-qemu-action@v3	2026-10-05T06:24:46.4916665Z   Version:          v2.3.6
build-push	Run docker/setup-qemu-action@v3	2026-10-05T06:24:46.4917154Z   GitCommit:        ee2735368117d2eb259779949d5e75cdafec9761
build-push	Run docker/setup-qemu-action@v3	2026-10-05T06:24:46.4917871Z  runc:
build-push	Run docker/setup-qemu-action@v3	2026-10-05T06:24:46.4918187Z   Version:          1.5.1
build-push	Run docker/setup-qemu-action@v3	2026-10-05T06:24:46.4918586Z   GitCommit:        v1.5.1-0-g8f2685a4
build-push	Run docker/setup-qemu-action@v3	2026-10-05T06:24:46.4919049Z  docker-init:
build-push	Run docker/setup-qemu-action@v3	2026-10-05T06:24:46.4919384Z   Version:          0.19.0
build-push	Run docker/setup-qemu-action@v3	2026-10-05T06:24:46.4919772Z   GitCommit:        de40ad0
build-push	Run docker/setup-qemu-action@v3	2026-10-05T06:24:46.4954691Z [command]/usr/bin/docker info
build-push	Run docker/setup-qemu-action@v3	2026-10-05T06:24:46.6917808Z Client: Docker Engine - Community
build-push	Run docker/setup-qemu-action@v3	2026-10-05T06:24:46.6918672Z  Version:    28.0.4
build-push	Run docker/setup-qemu-action@v3	2026-10-05T06:24:46.6919237Z  Context:    default
build-push	Run docker/setup-qemu-action@v3	2026-10-05T06:24:46.6919920Z  Debug Mode: false
build-push	Run docker/setup-qemu-action@v3	2026-10-05T06:24:46.6920450Z  Plugins:
build-push	Run docker/setup-qemu-action@v3	2026-10-05T06:24:46.6920984Z   buildx: Docker Buildx (Docker Inc.)
build-push	Run docker/setup-qemu-action@v3	2026-10-05T06:24:46.6921401Z     Version:  v0.37.1
build-push	Run docker/setup-qemu-action@v3	2026-10-05T06:24:46.6921853Z     Path:     /usr/libexec/docker/cli-plugins/docker-buildx
build-push	Run docker/setup-qemu-action@v3	2026-10-05T06:24:46.6922327Z   compose: Docker Compose (Docker Inc.)
build-push	Run docker/setup-qemu-action@v3	2026-10-05T06:24:46.6922716Z     Version:  v2.38.2
build-push	Run docker/setup-qemu-action@v3	2026-10-05T06:24:46.6923110Z     Path:     /usr/libexec/docker/cli-plugins/docker-compose
build-push	Run docker/setup-qemu-action@v3	2026-10-05T06:24:46.6923476Z 
build-push	Run docker/setup-qemu-action@v3	2026-10-05T06:24:46.6923665Z Server:
build-push	Run docker/setup-qemu-action@v3	2026-10-05T06:24:46.6923968Z  Containers: 0
build-push	Run docker/setup-qemu-action@v3	2026-10-05T06:24:46.6924281Z   Running: 0
build-push	Run docker/setup-qemu-action@v3	2026-10-05T06:24:46.6924602Z   Paused: 0
build-push	Run docker/setup-qemu-action@v3	2026-10-05T06:24:46.6924896Z   Stopped: 0
build-push	Run docker/setup-qemu-action@v3	2026-10-05T06:24:46.6925198Z  Images: 7
build-push	Run docker/setup-qemu-action@v3	2026-10-05T06:24:46.6937255Z  Server Version: 28.0.4
build-push	Run docker/setup-qemu-action@v3	2026-10-05T06:24:46.6938295Z  Storage Driver: overlay2
build-push	Run docker/setup-qemu-action@v3	2026-10-05T06:24:46.6938758Z   Backing Filesystem: extfs
build-push	Run docker/setup-qemu-action@v3	2026-10-05T06:24:46.6939595Z   Supports d_type: true
build-push	Run docker/setup-qemu-action@v3	2026-10-05T06:24:46.6940035Z   Using metacopy: false
build-push	Run docker/setup-qemu-action@v3	2026-10-05T06:24:46.6940497Z   Native Overlay Diff: false
build-push	Run docker/setup-qemu-action@v3	2026-10-05T06:24:46.6940905Z   userxattr: false
build-push	Run docker/setup-qemu-action@v3	2026-10-05T06:24:46.6941282Z  Logging Driver: json-file
build-push	Run docker/setup-qemu-action@v3	2026-10-05T06:24:46.6941864Z  Cgroup Driver: systemd
build-push	Run docker/setup-qemu-action@v3	2026-10-05T06:24:46.6942244Z  Cgroup Version: 2
build-push	Run docker/setup-qemu-action@v3	2026-10-05T06:24:46.6942610Z  Plugins:
build-push	Run docker/setup-qemu-action@v3	2026-10-05T06:24:46.6942919Z   Volume: local
build-push	Run docker/setup-qemu-action@v3	2026-10-05T06:24:46.6943331Z   Network: bridge host ipvlan macvlan null overlay
build-push	Run docker/setup-qemu-action@v3	2026-10-05T06:24:46.6944037Z   Log: awslogs fluentd gcplogs gelf journald json-file local splunk syslog
build-push	Run docker/setup-qemu-action@v3	2026-10-05T06:24:46.6944675Z  Swarm: inactive
build-push	Run docker/setup-qemu-action@v3	2026-10-05T06:24:46.6945044Z  Runtimes: io.containerd.runc.v2 runc
build-push	Run docker/setup-qemu-action@v3	2026-10-05T06:24:46.6946174Z  Default Runtime: runc
build-push	Run docker/setup-qemu-action@v3	2026-10-05T06:24:46.6946563Z  Init Binary: docker-init
build-push	Run docker/setup-qemu-action@v3	2026-10-05T06:24:46.6947078Z  containerd version: ee2735368117d2eb259779949d5e75cdafec9761
build-push	Run docker/setup-qemu-action@v3	2026-10-05T06:24:46.6948126Z  runc version: v1.5.1-0-g8f2685a4
build-push	Run docker/setup-qemu-action@v3	2026-10-05T06:24:46.6948448Z  init version: de40ad0
build-push	Run docker/setup-qemu-action@v3	2026-10-05T06:24:46.6948698Z  Security Options:
build-push	Run docker/setup-qemu-action@v3	2026-10-05T06:24:46.6948909Z   apparmor
build-push	Run docker/setup-qemu-action@v3	2026-10-05T06:24:46.6949095Z   seccomp
build-push	Run docker/setup-qemu-action@v3	2026-10-05T06:24:46.6949278Z    Profile: builtin
build-push	Run docker/setup-qemu-action@v3	2026-10-05T06:24:46.6949482Z   cgroupns
build-push	Run docker/setup-qemu-action@v3	2026-10-05T06:24:46.6949694Z  Kernel Version: 6.17.0-1022-azure
build-push	Run docker/setup-qemu-action@v3	2026-10-05T06:24:46.6949977Z  Operating System: Ubuntu 24.04.5 LTS
build-push	Run docker/setup-qemu-action@v3	2026-10-05T06:24:46.6950237Z  OSType: linux
build-push	Run docker/setup-qemu-action@v3	2026-10-05T06:24:46.6950441Z  Architecture: x86_64
build-push	Run docker/setup-qemu-action@v3	2026-10-05T06:24:46.6950648Z  CPUs: 4
build-push	Run docker/setup-qemu-action@v3	2026-10-05T06:24:46.6950834Z  Total Memory: 15.61GiB
build-push	Run docker/setup-qemu-action@v3	2026-10-05T06:24:46.6951052Z  Name: runnervm8df0l
build-push	Run docker/setup-qemu-action@v3	2026-10-05T06:24:46.6951278Z  ID: 96bc9d58-7015-4b4a-8357-8e592f0b19b5
build-push	Run docker/setup-qemu-action@v3	2026-10-05T06:24:46.6951561Z  Docker Root Dir: /var/lib/docker
build-push	Run docker/setup-qemu-action@v3	2026-10-05T06:24:46.6951951Z  Debug Mode: false
build-push	Run docker/setup-qemu-action@v3	2026-10-05T06:24:46.6952209Z  Username: githubactions
build-push	Run docker/setup-qemu-action@v3	2026-10-05T06:24:46.6952558Z  Experimental: false
build-push	Run docker/setup-qemu-action@v3	2026-10-05T06:24:46.6952941Z  Insecure Registries:
build-push	Run docker/setup-qemu-action@v3	2026-10-05T06:24:46.6958853Z   ::1/128
build-push	Run docker/setup-qemu-action@v3	2026-10-05T06:24:46.6959249Z   127.0.0.0/8
build-push	Run docker/setup-qemu-action@v3	2026-10-05T06:24:46.6959609Z  Live Restore Enabled: false
build-push	Run docker/setup-qemu-action@v3	2026-10-05T06:24:46.6960162Z 
build-push	Run docker/setup-qemu-action@v3	2026-10-05T06:24:46.6960664Z ##[endgroup]
build-push	Run docker/setup-qemu-action@v3	2026-10-05T06:24:46.6961275Z ##[group]Pulling binfmt Docker image
build-push	Run docker/setup-qemu-action@v3	2026-10-05T06:24:46.8067042Z [command]/usr/bin/docker pull docker.io/tonistiigi/binfmt:latest
build-push	Run docker/setup-qemu-action@v3	2026-10-05T06:24:47.2229353Z latest: Pulling from tonistiigi/binfmt
build-push	Run docker/setup-qemu-action@v3	2026-10-05T06:24:47.3455412Z 56685a25fbf3: Pulling fs layer
build-push	Run docker/setup-qemu-action@v3	2026-10-05T06:24:47.3456231Z 0c46aa6e9c41: Pulling fs layer
build-push	Run docker/setup-qemu-action@v3	2026-10-05T06:24:47.4478876Z 0c46aa6e9c41: Verifying Checksum
build-push	Run docker/setup-qemu-action@v3	2026-10-05T06:24:47.4479709Z 0c46aa6e9c41: Download complete
build-push	Run docker/setup-qemu-action@v3	2026-10-05T06:24:47.5393956Z 56685a25fbf3: Download complete
build-push	Run docker/setup-qemu-action@v3	2026-10-05T06:24:47.9100181Z 56685a25fbf3: Pull complete
build-push	Run docker/setup-qemu-action@v3	2026-10-05T06:24:47.9635671Z 0c46aa6e9c41: Pull complete
build-push	Run docker/setup-qemu-action@v3	2026-10-05T06:24:47.9671862Z Digest: sha256:400a4873b838d1b89194d982c45e5fb3cda4593fbfd7e08a02e76b03b21166f0
build-push	Run docker/setup-qemu-action@v3	2026-10-05T06:24:47.9683106Z Status: Downloaded newer image for tonistiigi/binfmt:latest
build-push	Run docker/setup-qemu-action@v3	2026-10-05T06:24:47.9691757Z docker.io/tonistiigi/binfmt:latest
build-push	Run docker/setup-qemu-action@v3	2026-10-05T06:24:47.9730168Z [command]/usr/bin/docker save -o /home/runner/work/_temp/docker-actions-toolkit-4b9BUb/749e64100d3fa0c09bdbc8a02e4fb9cb3ee64266f7f661c98371040689abacb3.tar docker.io/tonistiigi/binfmt:latest
build-push	Run docker/setup-qemu-action@v3	2026-10-05T06:24:48.3487950Z Copying /home/runner/work/_temp/docker-actions-toolkit-4b9BUb/749e64100d3fa0c09bdbc8a02e4fb9cb3ee64266f7f661c98371040689abacb3.tar to /home/runner/.docker/.cache/images/docker.io--tonistiigi--binfmt/latest/linux-x64/image.tar
build-push	Run docker/setup-qemu-action@v3	2026-10-05T06:24:48.4101256Z Image cached to /home/runner/.docker/.cache/images/docker.io--tonistiigi--binfmt/latest/linux-x64/image.tar
build-push	Run docker/setup-qemu-action@v3	2026-10-05T06:24:48.4103160Z ##[endgroup]
build-push	Run docker/setup-qemu-action@v3	2026-10-05T06:24:48.4103909Z ##[group]Image info
build-push	Run docker/setup-qemu-action@v3	2026-10-05T06:24:48.4120397Z [command]/usr/bin/docker image inspect docker.io/tonistiigi/binfmt:latest
build-push	Run docker/setup-qemu-action@v3	2026-10-05T06:24:48.5477214Z [
build-push	Run docker/setup-qemu-action@v3	2026-10-05T06:24:48.5477610Z     {
build-push	Run docker/setup-qemu-action@v3	2026-10-05T06:24:48.5478412Z         "Id": "sha256:15935d0512bf0a8e5afa1df990d971cf97a619ede08fa60f2d5966a62de6d6b7",
build-push	Run docker/setup-qemu-action@v3	2026-10-05T06:24:48.5478941Z         "RepoTags": [
build-push	Run docker/setup-qemu-action@v3	2026-10-05T06:24:48.5479200Z             "tonistiigi/binfmt:latest"
build-push	Run docker/setup-qemu-action@v3	2026-10-05T06:24:48.5479509Z         ],
build-push	Run docker/setup-qemu-action@v3	2026-10-05T06:24:48.5479852Z         "RepoDigests": [
build-push	Run docker/setup-qemu-action@v3	2026-10-05T06:24:48.5480583Z             "tonistiigi/binfmt@sha256:400a4873b838d1b89194d982c45e5fb3cda4593fbfd7e08a02e76b03b21166f0"
build-push	Run docker/setup-qemu-action@v3	2026-10-05T06:24:48.5481379Z         ],
build-push	Run docker/setup-qemu-action@v3	2026-10-05T06:24:48.5481677Z         "Parent": "",
build-push	Run docker/setup-qemu-action@v3	2026-10-05T06:24:48.5482057Z         "Comment": "buildkit.dockerfile.v0",
build-push	Run docker/setup-qemu-action@v3	2026-10-05T06:24:48.5482564Z         "Created": "2026-06-05T19:12:02.167333037Z",
build-push	Run docker/setup-qemu-action@v3	2026-10-05T06:24:48.5482972Z         "DockerVersion": "",
build-push	Run docker/setup-qemu-action@v3	2026-10-05T06:24:48.5483230Z         "Author": "",
build-push	Run docker/setup-qemu-action@v3	2026-10-05T06:24:48.5484204Z         "Config": {
build-push	Run docker/setup-qemu-action@v3	2026-10-05T06:24:48.5484444Z             "Hostname": "",
build-push	Run docker/setup-qemu-action@v3	2026-10-05T06:24:48.5484701Z             "Domainname": "",
build-push	Run docker/setup-qemu-action@v3	2026-10-05T06:24:48.5484955Z             "User": "",
build-push	Run docker/setup-qemu-action@v3	2026-10-05T06:24:48.5485316Z             "AttachStdin": false,
build-push	Run docker/setup-qemu-action@v3	2026-10-05T06:24:48.5485622Z             "AttachStdout": false,
build-push	Run docker/setup-qemu-action@v3	2026-10-05T06:24:48.5485909Z             "AttachStderr": false,
build-push	Run docker/setup-qemu-action@v3	2026-10-05T06:24:48.5486205Z             "Tty": false,
build-push	Run docker/setup-qemu-action@v3	2026-10-05T06:24:48.5486455Z             "OpenStdin": false,
build-push	Run docker/setup-qemu-action@v3	2026-10-05T06:24:48.5486816Z             "StdinOnce": false,
build-push	Run docker/setup-qemu-action@v3	2026-10-05T06:24:48.5487217Z             "Env": [
build-push	Run docker/setup-qemu-action@v3	2026-10-05T06:24:48.5488029Z                 "PATH=/usr/local/sbin:/usr/local/bin:/usr/sbin:/usr/bin:/sbin:/bin",
build-push	Run docker/setup-qemu-action@v3	2026-10-05T06:24:48.5488798Z                 "QEMU_PRESERVE_ARGV0=1"
build-push	Run docker/setup-qemu-action@v3	2026-10-05T06:24:48.5489272Z             ],
build-push	Run docker/setup-qemu-action@v3	2026-10-05T06:24:48.5489633Z             "Cmd": null,
build-push	Run docker/setup-qemu-action@v3	2026-10-05T06:24:48.5490010Z             "Image": "",
build-push	Run docker/setup-qemu-action@v3	2026-10-05T06:24:48.5490356Z             "Volumes": {
build-push	Run docker/setup-qemu-action@v3	2026-10-05T06:24:48.5490737Z                 "/tmp": {}
build-push	Run docker/setup-qemu-action@v3	2026-10-05T06:24:48.5491113Z             },
build-push	Run docker/setup-qemu-action@v3	2026-10-05T06:24:48.5491439Z             "WorkingDir": "/",
build-push	Run docker/setup-qemu-action@v3	2026-10-05T06:24:48.5491859Z             "Entrypoint": [
build-push	Run docker/setup-qemu-action@v3	2026-10-05T06:24:48.5492265Z                 "/usr/bin/binfmt"
build-push	Run docker/setup-qemu-action@v3	2026-10-05T06:24:48.5492658Z             ],
build-push	Run docker/setup-qemu-action@v3	2026-10-05T06:24:48.5492985Z             "OnBuild": null,
build-push	Run docker/setup-qemu-action@v3	2026-10-05T06:24:48.5493376Z             "Labels": null
build-push	Run docker/setup-qemu-action@v3	2026-10-05T06:24:48.5494046Z         },
build-push	Run docker/setup-qemu-action@v3	2026-10-05T06:24:48.5494382Z         "Architecture": "amd64",
build-push	Run docker/setup-qemu-action@v3	2026-10-05T06:24:48.5494787Z         "Os": "linux",
build-push	Run docker/setup-qemu-action@v3	2026-10-05T06:24:48.5495139Z         "Size": 85304497,
build-push	Run docker/setup-qemu-action@v3	2026-10-05T06:24:48.5495513Z         "GraphDriver": {
build-push	Run docker/setup-qemu-action@v3	2026-10-05T06:24:48.5495875Z             "Data": {
build-push	Run docker/setup-qemu-action@v3	2026-10-05T06:24:48.5496722Z                 "LowerDir": "/var/lib/docker/overlay2/08a05ae6f59c0eda1521eff592728e960ef1d1e99d21e0c359c06d524b012ca4/diff",
build-push	Run docker/setup-qemu-action@v3	2026-10-05T06:24:48.5498437Z                 "MergedDir": "/var/lib/docker/overlay2/89fa7d0464423bc8c3bfcc326c0768884065971776ed5d97803d85b176a83a9e/merged",
build-push	Run docker/setup-qemu-action@v3	2026-10-05T06:24:48.5499903Z                 "UpperDir": "/var/lib/docker/overlay2/89fa7d0464423bc8c3bfcc326c0768884065971776ed5d97803d85b176a83a9e/diff",
build-push	Run docker/setup-qemu-action@v3	2026-10-05T06:24:48.5501393Z                 "WorkDir": "/var/lib/docker/overlay2/89fa7d0464423bc8c3bfcc326c0768884065971776ed5d97803d85b176a83a9e/work"
build-push	Run docker/setup-qemu-action@v3	2026-10-05T06:24:48.5502388Z             },
build-push	Run docker/setup-qemu-action@v3	2026-10-05T06:24:48.5502767Z             "Name": "overlay2"
build-push	Run docker/setup-qemu-action@v3	2026-10-05T06:24:48.5503210Z         },
build-push	Run docker/setup-qemu-action@v3	2026-10-05T06:24:48.5503548Z         "RootFS": {
build-push	Run docker/setup-qemu-action@v3	2026-10-05T06:24:48.5503978Z             "Type": "layers",
build-push	Run docker/setup-qemu-action@v3	2026-10-05T06:24:48.5504411Z             "Layers": [
build-push	Run docker/setup-qemu-action@v3	2026-10-05T06:24:48.5505082Z                 "sha256:c747b796d990a647df062f87e24f1ef5e4a90a312cd9c4ae8b7d09667d57befb",
build-push	Run docker/setup-qemu-action@v3	2026-10-05T06:24:48.5506120Z                 "sha256:6d831b0f477d9df7afe18e5a65c97e8084fef8fe10c2930b65f728ab68d0bb5b"
build-push	Run docker/setup-qemu-action@v3	2026-10-05T06:24:48.5506876Z             ]
build-push	Run docker/setup-qemu-action@v3	2026-10-05T06:24:48.5507229Z         },
build-push	Run docker/setup-qemu-action@v3	2026-10-05T06:24:48.5507579Z         "Metadata": {
build-push	Run docker/setup-qemu-action@v3	2026-10-05T06:24:48.5508287Z             "LastTagTime": "0001-01-01T00:00:00Z"
build-push	Run docker/setup-qemu-action@v3	2026-10-05T06:24:48.5508805Z         }
build-push	Run docker/setup-qemu-action@v3	2026-10-05T06:24:48.5509130Z     }
build-push	Run docker/setup-qemu-action@v3	2026-10-05T06:24:48.5509454Z ]
build-push	Run docker/setup-qemu-action@v3	2026-10-05T06:24:48.5510127Z ##[endgroup]
build-push	Run docker/setup-qemu-action@v3	2026-10-05T06:24:48.5510720Z ##[group]Binfmt version
build-push	Run docker/setup-qemu-action@v3	2026-10-05T06:24:48.5511651Z [command]/usr/bin/docker run --rm --privileged docker.io/tonistiigi/binfmt:latest --version
build-push	Run docker/setup-qemu-action@v3	2026-10-05T06:24:48.9029638Z binfmt/e29e7d7 qemu/v10.2.3 go/1.26.4
build-push	Run docker/setup-qemu-action@v3	2026-10-05T06:24:48.9774800Z ##[endgroup]
build-push	Run docker/setup-qemu-action@v3	2026-10-05T06:24:48.9775377Z ##[group]Installing QEMU static binaries
build-push	Run docker/setup-qemu-action@v3	2026-10-05T06:24:48.9795822Z [command]/usr/bin/docker run --rm --privileged docker.io/tonistiigi/binfmt:latest --install all
build-push	Run docker/setup-qemu-action@v3	2026-10-05T06:24:49.0988055Z installing: arm64 OK
build-push	Run docker/setup-qemu-action@v3	2026-10-05T06:24:49.0988825Z installing: mips64le OK
build-push	Run docker/setup-qemu-action@v3	2026-10-05T06:24:49.0989080Z installing: arm OK
build-push	Run docker/setup-qemu-action@v3	2026-10-05T06:24:49.0989373Z installing: s390x OK
build-push	Run docker/setup-qemu-action@v3	2026-10-05T06:24:49.0989745Z installing: ppc64le OK
build-push	Run docker/setup-qemu-action@v3	2026-10-05T06:24:49.0990142Z installing: riscv64 OK
build-push	Run docker/setup-qemu-action@v3	2026-10-05T06:24:49.0990392Z installing: mips64 OK
build-push	Run docker/setup-qemu-action@v3	2026-10-05T06:24:49.0991000Z installing: loong64 OK
build-push	Run docker/setup-qemu-action@v3	2026-10-05T06:24:49.1206944Z {
build-push	Run docker/setup-qemu-action@v3	2026-10-05T06:24:49.1207503Z   "supported": [
build-push	Run docker/setup-qemu-action@v3	2026-10-05T06:24:49.1211744Z     "linux/amd64",
build-push	Run docker/setup-qemu-action@v3	2026-10-05T06:24:49.1213094Z     "linux/amd64/v2",
build-push	Run docker/setup-qemu-action@v3	2026-10-05T06:24:49.1216971Z     "linux/amd64/v3",
build-push	Run docker/setup-qemu-action@v3	2026-10-05T06:24:49.1217409Z     "linux/arm64",
build-push	Run docker/setup-qemu-action@v3	2026-10-05T06:24:49.1217997Z     "linux/riscv64",
build-push	Run docker/setup-qemu-action@v3	2026-10-05T06:24:49.1218462Z     "linux/ppc64le",
build-push	Run docker/setup-qemu-action@v3	2026-10-05T06:24:49.1219186Z     "linux/s390x",
build-push	Run docker/setup-qemu-action@v3	2026-10-05T06:24:49.1219540Z     "linux/386",
build-push	Run docker/setup-qemu-action@v3	2026-10-05T06:24:49.1220076Z     "linux/mips64le",
build-push	Run docker/setup-qemu-action@v3	2026-10-05T06:24:49.1220531Z     "linux/mips64",
build-push	Run docker/setup-qemu-action@v3	2026-10-05T06:24:49.1221163Z     "linux/loong64",
build-push	Run docker/setup-qemu-action@v3	2026-10-05T06:24:49.1221549Z     "linux/arm/v7",
build-push	Run docker/setup-qemu-action@v3	2026-10-05T06:24:49.1221908Z     "linux/arm/v6"
build-push	Run docker/setup-qemu-action@v3	2026-10-05T06:24:49.1222656Z   ],
build-push	Run docker/setup-qemu-action@v3	2026-10-05T06:24:49.1223032Z   "emulators": [
build-push	Run docker/setup-qemu-action@v3	2026-10-05T06:24:49.1223839Z     "llvm-16-runtime.binfmt",
build-push	Run docker/setup-qemu-action@v3	2026-10-05T06:24:49.1224413Z     "llvm-17-runtime.binfmt",
build-push	Run docker/setup-qemu-action@v3	2026-10-05T06:24:49.1225236Z     "llvm-18-runtime.binfmt",
build-push	Run docker/setup-qemu-action@v3	2026-10-05T06:24:49.1225684Z     "python3.12",
build-push	Run docker/setup-qemu-action@v3	2026-10-05T06:24:49.1226254Z     "qemu-aarch64",
build-push	Run docker/setup-qemu-action@v3	2026-10-05T06:24:49.1226628Z     "qemu-arm",
build-push	Run docker/setup-qemu-action@v3	2026-10-05T06:24:49.1227133Z     "qemu-loongarch64",
build-push	Run docker/setup-qemu-action@v3	2026-10-05T06:24:49.1227531Z     "qemu-mips64",
build-push	Run docker/setup-qemu-action@v3	2026-10-05T06:24:49.1228439Z     "qemu-mips64el",
build-push	Run docker/setup-qemu-action@v3	2026-10-05T06:24:49.1228802Z     "qemu-ppc64le",
build-push	Run docker/setup-qemu-action@v3	2026-10-05T06:24:49.1229139Z     "qemu-riscv64",
build-push	Run docker/setup-qemu-action@v3	2026-10-05T06:24:49.1229680Z     "qemu-s390x"
build-push	Run docker/setup-qemu-action@v3	2026-10-05T06:24:49.1229872Z   ]
build-push	Run docker/setup-qemu-action@v3	2026-10-05T06:24:49.1230037Z }
build-push	Run docker/setup-qemu-action@v3	2026-10-05T06:24:49.1973906Z ##[endgroup]
build-push	Run docker/setup-qemu-action@v3	2026-10-05T06:24:49.1974396Z ##[group]Extracting available platforms
build-push	Run docker/setup-qemu-action@v3	2026-10-05T06:24:49.4091875Z linux/amd64,linux/amd64/v2,linux/amd64/v3,linux/arm64,linux/riscv64,linux/ppc64le,linux/s390x,linux/386,linux/mips64le,linux/mips64,linux/loong64,linux/arm/v7,linux/arm/v6
build-push	Run docker/setup-qemu-action@v3	2026-10-05T06:24:49.4093513Z ##[endgroup]
build-push	Run docker/setup-buildx-action@v3	﻿2026-10-05T06:24:49.4246593Z ##[group]Run docker/setup-buildx-action@v3
build-push	Run docker/setup-buildx-action@v3	2026-10-05T06:24:49.4246914Z with:
build-push	Run docker/setup-buildx-action@v3	2026-10-05T06:24:49.4247126Z   driver: docker-container
build-push	Run docker/setup-buildx-action@v3	2026-10-05T06:24:49.4247365Z   use: true
build-push	Run docker/setup-buildx-action@v3	2026-10-05T06:24:49.4247572Z   keep-state: false
build-push	Run docker/setup-buildx-action@v3	2026-10-05T06:24:49.4248127Z   cache-binary: true
build-push	Run docker/setup-buildx-action@v3	2026-10-05T06:24:49.4248346Z   cleanup: true
build-push	Run docker/setup-buildx-action@v3	2026-10-05T06:24:49.4248540Z   install: false
build-push	Run docker/setup-buildx-action@v3	2026-10-05T06:24:49.4248737Z ##[endgroup]
build-push	Run docker/setup-buildx-action@v3	2026-10-05T06:24:49.6900018Z (node:3173) [DEP0040] DeprecationWarning: The `punycode` module is deprecated. Please use a userland alternative instead.
build-push	Run docker/setup-buildx-action@v3	2026-10-05T06:24:49.6901152Z (Use `node --trace-deprecation ...` to show where the warning was created)
build-push	Run docker/setup-buildx-action@v3	2026-10-05T06:24:49.6957338Z ##[group]Docker info
build-push	Run docker/setup-buildx-action@v3	2026-10-05T06:24:49.6983820Z [command]/usr/bin/docker version
build-push	Run docker/setup-buildx-action@v3	2026-10-05T06:24:49.7210911Z Client: Docker Engine - Community
build-push	Run docker/setup-buildx-action@v3	2026-10-05T06:24:49.7211988Z  Version:           28.0.4
build-push	Run docker/setup-buildx-action@v3	2026-10-05T06:24:49.7212966Z  API version:       1.48
build-push	Run docker/setup-buildx-action@v3	2026-10-05T06:24:49.7213491Z  Go version:        go1.23.7
build-push	Run docker/setup-buildx-action@v3	2026-10-05T06:24:49.7214321Z  Git commit:        b8034c0
build-push	Run docker/setup-buildx-action@v3	2026-10-05T06:24:49.7215151Z  Built:             Tue Mar 25 15:07:16 2025
build-push	Run docker/setup-buildx-action@v3	2026-10-05T06:24:49.7215573Z  OS/Arch:           linux/amd64
build-push	Run docker/setup-buildx-action@v3	2026-10-05T06:24:49.7216138Z  Context:           default
build-push	Run docker/setup-buildx-action@v3	2026-10-05T06:24:49.7216412Z 
build-push	Run docker/setup-buildx-action@v3	2026-10-05T06:24:49.7216631Z Server: Docker Engine - Community
build-push	Run docker/setup-buildx-action@v3	2026-10-05T06:24:49.7216995Z  Engine:
build-push	Run docker/setup-buildx-action@v3	2026-10-05T06:24:49.7217429Z   Version:          28.0.4
build-push	Run docker/setup-buildx-action@v3	2026-10-05T06:24:49.7218283Z   API version:      1.48 (minimum version 1.24)
build-push	Run docker/setup-buildx-action@v3	2026-10-05T06:24:49.7219279Z   Go version:       go1.23.7
build-push	Run docker/setup-buildx-action@v3	2026-10-05T06:24:49.7219869Z   Git commit:       6430e49
build-push	Run docker/setup-buildx-action@v3	2026-10-05T06:24:49.7220314Z   Built:            Tue Mar 25 15:07:16 2025
build-push	Run docker/setup-buildx-action@v3	2026-10-05T06:24:49.7220783Z   OS/Arch:          linux/amd64
build-push	Run docker/setup-buildx-action@v3	2026-10-05T06:24:49.7221160Z   Experimental:     false
build-push	Run docker/setup-buildx-action@v3	2026-10-05T06:24:49.7221391Z  containerd:
build-push	Run docker/setup-buildx-action@v3	2026-10-05T06:24:49.7221586Z   Version:          v2.3.6
build-push	Run docker/setup-buildx-action@v3	2026-10-05T06:24:49.7221872Z   GitCommit:        ee2735368117d2eb259779949d5e75cdafec9761
build-push	Run docker/setup-buildx-action@v3	2026-10-05T06:24:49.7222181Z  runc:
build-push	Run docker/setup-buildx-action@v3	2026-10-05T06:24:49.7222378Z   Version:          1.5.1
build-push	Run docker/setup-buildx-action@v3	2026-10-05T06:24:49.7222633Z   GitCommit:        v1.5.1-0-g8f2685a4
build-push	Run docker/setup-buildx-action@v3	2026-10-05T06:24:49.7222894Z  docker-init:
build-push	Run docker/setup-buildx-action@v3	2026-10-05T06:24:49.7223093Z   Version:          0.19.0
build-push	Run docker/setup-buildx-action@v3	2026-10-05T06:24:49.7223316Z   GitCommit:        de40ad0
build-push	Run docker/setup-buildx-action@v3	2026-10-05T06:24:49.7258207Z [command]/usr/bin/docker info
build-push	Run docker/setup-buildx-action@v3	2026-10-05T06:24:49.7818709Z Client: Docker Engine - Community
build-push	Run docker/setup-buildx-action@v3	2026-10-05T06:24:49.7819277Z  Version:    28.0.4
build-push	Run docker/setup-buildx-action@v3	2026-10-05T06:24:49.7819653Z  Context:    default
build-push	Run docker/setup-buildx-action@v3	2026-10-05T06:24:49.7820051Z  Debug Mode: false
build-push	Run docker/setup-buildx-action@v3	2026-10-05T06:24:49.7820400Z  Plugins:
build-push	Run docker/setup-buildx-action@v3	2026-10-05T06:24:49.7820819Z   buildx: Docker Buildx (Docker Inc.)
build-push	Run docker/setup-buildx-action@v3	2026-10-05T06:24:49.7821313Z     Version:  v0.37.1
build-push	Run docker/setup-buildx-action@v3	2026-10-05T06:24:49.7821837Z     Path:     /usr/libexec/docker/cli-plugins/docker-buildx
build-push	Run docker/setup-buildx-action@v3	2026-10-05T06:24:49.7822475Z   compose: Docker Compose (Docker Inc.)
build-push	Run docker/setup-buildx-action@v3	2026-10-05T06:24:49.7822954Z     Version:  v2.38.2
build-push	Run docker/setup-buildx-action@v3	2026-10-05T06:24:49.7823433Z     Path:     /usr/libexec/docker/cli-plugins/docker-compose
build-push	Run docker/setup-buildx-action@v3	2026-10-05T06:24:49.7823858Z 
build-push	Run docker/setup-buildx-action@v3	2026-10-05T06:24:49.7823991Z Server:
build-push	Run docker/setup-buildx-action@v3	2026-10-05T06:24:49.7824294Z  Containers: 0
build-push	Run docker/setup-buildx-action@v3	2026-10-05T06:24:49.7824624Z   Running: 0
build-push	Run docker/setup-buildx-action@v3	2026-10-05T06:24:49.7824945Z   Paused: 0
build-push	Run docker/setup-buildx-action@v3	2026-10-05T06:24:49.7825263Z   Stopped: 0
build-push	Run docker/setup-buildx-action@v3	2026-10-05T06:24:49.7825577Z  Images: 8
build-push	Run docker/setup-buildx-action@v3	2026-10-05T06:24:49.7825890Z  Server Version: 28.0.4
build-push	Run docker/setup-buildx-action@v3	2026-10-05T06:24:49.7826278Z  Storage Driver: overlay2
build-push	Run docker/setup-buildx-action@v3	2026-10-05T06:24:49.7826686Z   Backing Filesystem: extfs
build-push	Run docker/setup-buildx-action@v3	2026-10-05T06:24:49.7827098Z   Supports d_type: true
build-push	Run docker/setup-buildx-action@v3	2026-10-05T06:24:49.7827483Z   Using metacopy: false
build-push	Run docker/setup-buildx-action@v3	2026-10-05T06:24:49.7828661Z   Native Overlay Diff: false
build-push	Run docker/setup-buildx-action@v3	2026-10-05T06:24:49.7829097Z   userxattr: false
build-push	Run docker/setup-buildx-action@v3	2026-10-05T06:24:49.7829495Z  Logging Driver: json-file
build-push	Run docker/setup-buildx-action@v3	2026-10-05T06:24:49.7829932Z  Cgroup Driver: systemd
build-push	Run docker/setup-buildx-action@v3	2026-10-05T06:24:49.7830340Z  Cgroup Version: 2
build-push	Run docker/setup-buildx-action@v3	2026-10-05T06:24:49.7830700Z  Plugins:
build-push	Run docker/setup-buildx-action@v3	2026-10-05T06:24:49.7831025Z   Volume: local
build-push	Run docker/setup-buildx-action@v3	2026-10-05T06:24:49.7831461Z   Network: bridge host ipvlan macvlan null overlay
build-push	Run docker/setup-buildx-action@v3	2026-10-05T06:24:49.7832212Z   Log: awslogs fluentd gcplogs gelf journald json-file local splunk syslog
build-push	Run docker/setup-buildx-action@v3	2026-10-05T06:24:49.7833385Z  Swarm: inactive
build-push	Run docker/setup-buildx-action@v3	2026-10-05T06:24:49.7833800Z  Runtimes: runc io.containerd.runc.v2
build-push	Run docker/setup-buildx-action@v3	2026-10-05T06:24:49.7834291Z  Default Runtime: runc
build-push	Run docker/setup-buildx-action@v3	2026-10-05T06:24:49.7834697Z  Init Binary: docker-init
build-push	Run docker/setup-buildx-action@v3	2026-10-05T06:24:49.7835234Z  containerd version: ee2735368117d2eb259779949d5e75cdafec9761
build-push	Run docker/setup-buildx-action@v3	2026-10-05T06:24:49.7835856Z  runc version: v1.5.1-0-g8f2685a4
build-push	Run docker/setup-buildx-action@v3	2026-10-05T06:24:49.7836320Z  init version: de40ad0
build-push	Run docker/setup-buildx-action@v3	2026-10-05T06:24:49.7836719Z  Security Options:
build-push	Run docker/setup-buildx-action@v3	2026-10-05T06:24:49.7837105Z   apparmor
build-push	Run docker/setup-buildx-action@v3	2026-10-05T06:24:49.7837450Z   seccomp
build-push	Run docker/setup-buildx-action@v3	2026-10-05T06:24:49.7868199Z    Profile: builtin
build-push	Run docker/setup-buildx-action@v3	2026-10-05T06:24:49.7868615Z   cgroupns
build-push	Run docker/setup-buildx-action@v3	2026-10-05T06:24:49.7868983Z  Kernel Version: 6.17.0-1022-azure
build-push	Run docker/setup-buildx-action@v3	2026-10-05T06:24:49.7869458Z  Operating System: Ubuntu 24.04.5 LTS
build-push	Run docker/setup-buildx-action@v3	2026-10-05T06:24:49.7869918Z  OSType: linux
build-push	Run docker/setup-buildx-action@v3	2026-10-05T06:24:49.7870271Z  Architecture: x86_64
build-push	Run docker/setup-buildx-action@v3	2026-10-05T06:24:49.7870639Z  CPUs: 4
build-push	Run docker/setup-buildx-action@v3	2026-10-05T06:24:49.7870958Z  Total Memory: 15.61GiB
build-push	Run docker/setup-buildx-action@v3	2026-10-05T06:24:49.7871341Z  Name: runnervm8df0l
build-push	Run docker/setup-buildx-action@v3	2026-10-05T06:24:49.7871774Z  ID: 96bc9d58-7015-4b4a-8357-8e592f0b19b5
build-push	Run docker/setup-buildx-action@v3	2026-10-05T06:24:49.7872332Z  Docker Root Dir: /var/lib/docker
build-push	Run docker/setup-buildx-action@v3	2026-10-05T06:24:49.7872763Z  Debug Mode: false
build-push	Run docker/setup-buildx-action@v3	2026-10-05T06:24:49.7873131Z  Username: githubactions
build-push	Run docker/setup-buildx-action@v3	2026-10-05T06:24:49.7873527Z  Experimental: false
build-push	Run docker/setup-buildx-action@v3	2026-10-05T06:24:49.7873910Z  Insecure Registries:
build-push	Run docker/setup-buildx-action@v3	2026-10-05T06:24:49.7874300Z   ::1/128
build-push	Run docker/setup-buildx-action@v3	2026-10-05T06:24:49.7874603Z   127.0.0.0/8
build-push	Run docker/setup-buildx-action@v3	2026-10-05T06:24:49.7874953Z  Live Restore Enabled: false
build-push	Run docker/setup-buildx-action@v3	2026-10-05T06:24:49.7875341Z 
build-push	Run docker/setup-buildx-action@v3	2026-10-05T06:24:49.7875911Z ##[endgroup]
build-push	Run docker/setup-buildx-action@v3	2026-10-05T06:24:49.8498595Z ##[group]Buildx version
build-push	Run docker/setup-buildx-action@v3	2026-10-05T06:24:49.8533715Z [command]/usr/bin/docker buildx version
build-push	Run docker/setup-buildx-action@v3	2026-10-05T06:24:49.9007471Z github.com/docker/buildx v0.37.1 0b265a9f62db554fa9aba6dd19e1bd5704bc7d8a
build-push	Run docker/setup-buildx-action@v3	2026-10-05T06:24:49.9037171Z ##[endgroup]
build-push	Run docker/setup-buildx-action@v3	2026-10-05T06:24:49.9200922Z ##[group]Inspecting default docker context
build-push	Run docker/setup-buildx-action@v3	2026-10-05T06:24:49.9349557Z [
build-push	Run docker/setup-buildx-action@v3	2026-10-05T06:24:49.9349926Z   {
build-push	Run docker/setup-buildx-action@v3	2026-10-05T06:24:49.9350263Z     "Name": "default",
build-push	Run docker/setup-buildx-action@v3	2026-10-05T06:24:49.9350725Z     "Metadata": {},
build-push	Run docker/setup-buildx-action@v3	2026-10-05T06:24:49.9351098Z     "Endpoints": {
build-push	Run docker/setup-buildx-action@v3	2026-10-05T06:24:49.9351469Z       "docker": {
build-push	Run docker/setup-buildx-action@v3	2026-10-05T06:24:49.9351945Z         "Host": "unix:///var/run/docker.sock",
build-push	Run docker/setup-buildx-action@v3	2026-10-05T06:24:49.9352511Z         "SkipTLSVerify": false
build-push	Run docker/setup-buildx-action@v3	2026-10-05T06:24:49.9352976Z       }
build-push	Run docker/setup-buildx-action@v3	2026-10-05T06:24:49.9353405Z     },
build-push	Run docker/setup-buildx-action@v3	2026-10-05T06:24:49.9353756Z     "TLSMaterial": {},
build-push	Run docker/setup-buildx-action@v3	2026-10-05T06:24:49.9354198Z     "Storage": {
build-push	Run docker/setup-buildx-action@v3	2026-10-05T06:24:49.9354589Z       "MetadataPath": "<IN MEMORY>",
build-push	Run docker/setup-buildx-action@v3	2026-10-05T06:24:49.9355144Z       "TLSPath": "<IN MEMORY>"
build-push	Run docker/setup-buildx-action@v3	2026-10-05T06:24:49.9355601Z     }
build-push	Run docker/setup-buildx-action@v3	2026-10-05T06:24:49.9355941Z   }
build-push	Run docker/setup-buildx-action@v3	2026-10-05T06:24:49.9356256Z ]
build-push	Run docker/setup-buildx-action@v3	2026-10-05T06:24:49.9356934Z ##[endgroup]
build-push	Run docker/setup-buildx-action@v3	2026-10-05T06:24:49.9357937Z ##[group]Creating a new builder instance
build-push	Run docker/setup-buildx-action@v3	2026-10-05T06:24:50.0474047Z [command]/usr/bin/docker buildx create --name builder-36bff64c-c73d-4961-b00f-bf21c03aa8e7 --driver docker-container --buildkitd-flags --allow-insecure-entitlement security.insecure --allow-insecure-entitlement network.host --use
build-push	Run docker/setup-buildx-action@v3	2026-10-05T06:24:50.1014113Z builder-36bff64c-c73d-4961-b00f-bf21c03aa8e7
build-push	Run docker/setup-buildx-action@v3	2026-10-05T06:24:50.1056699Z ##[endgroup]
build-push	Run docker/setup-buildx-action@v3	2026-10-05T06:24:50.1057587Z ##[group]Booting builder
build-push	Run docker/setup-buildx-action@v3	2026-10-05T06:24:50.1105532Z [command]/usr/bin/docker buildx inspect --bootstrap --builder builder-36bff64c-c73d-4961-b00f-bf21c03aa8e7
build-push	Run docker/setup-buildx-action@v3	2026-10-05T06:24:50.1659713Z #1 [internal] booting buildkit
build-push	Run docker/setup-buildx-action@v3	2026-10-05T06:24:50.3165849Z #1 pulling image moby/buildkit:buildx-stable-1
build-push	Run docker/setup-buildx-action@v3	2026-10-05T06:24:52.4174002Z #1 pulling image moby/buildkit:buildx-stable-1 2.3s done
build-push	Run docker/setup-buildx-action@v3	2026-10-05T06:24:52.5689133Z #1 creating container buildx_buildkit_builder-36bff64c-c73d-4961-b00f-bf21c03aa8e70
build-push	Run docker/setup-buildx-action@v3	2026-10-05T06:24:52.7810614Z #1 creating container buildx_buildkit_builder-36bff64c-c73d-4961-b00f-bf21c03aa8e70 0.4s done
build-push	Run docker/setup-buildx-action@v3	2026-10-05T06:24:52.8101582Z #1 DONE 2.6s
build-push	Run docker/setup-buildx-action@v3	2026-10-05T06:24:52.8447242Z Name:          builder-36bff64c-c73d-4961-b00f-bf21c03aa8e7
build-push	Run docker/setup-buildx-action@v3	2026-10-05T06:24:52.8448230Z Driver:        docker-container
build-push	Run docker/setup-buildx-action@v3	2026-10-05T06:24:52.8448725Z Last Activity: 2026-10-05 06:24:50 +0000 UTC
build-push	Run docker/setup-buildx-action@v3	2026-10-05T06:24:52.8449688Z 
build-push	Run docker/setup-buildx-action@v3	2026-10-05T06:24:52.8449849Z Nodes:
build-push	Run docker/setup-buildx-action@v3	2026-10-05T06:24:52.8450302Z Name:                  builder-36bff64c-c73d-4961-b00f-bf21c03aa8e70
build-push	Run docker/setup-buildx-action@v3	2026-10-05T06:24:52.8450958Z Endpoint:              unix:///var/run/docker.sock
build-push	Run docker/setup-buildx-action@v3	2026-10-05T06:24:52.8451550Z Status:                running
build-push	Run docker/setup-buildx-action@v3	2026-10-05T06:24:52.8452356Z BuildKit daemon flags: --allow-insecure-entitlement security.insecure --allow-insecure-entitlement network.host
build-push	Run docker/setup-buildx-action@v3	2026-10-05T06:24:52.8452936Z BuildKit version:      v0.33.1
build-push	Run docker/setup-buildx-action@v3	2026-10-05T06:24:52.8453733Z Platforms:             linux/amd64, linux/amd64/v2, linux/amd64/v3, linux/arm64, linux/riscv64, linux/ppc64le, linux/s390x, linux/386, linux/mips64le, linux/mips64, linux/loong64, linux/arm/v7, linux/arm/v6
build-push	Run docker/setup-buildx-action@v3	2026-10-05T06:24:52.8454494Z Labels:
build-push	Run docker/setup-buildx-action@v3	2026-10-05T06:24:52.8454745Z  org.mobyproject.buildkit.worker.executor:         oci
build-push	Run docker/setup-buildx-action@v3	2026-10-05T06:24:52.8455162Z  org.mobyproject.buildkit.worker.hostname:         202005c3cf76
build-push	Run docker/setup-buildx-action@v3	2026-10-05T06:24:52.8455578Z  org.mobyproject.buildkit.worker.network:          host
build-push	Run docker/setup-buildx-action@v3	2026-10-05T06:24:52.8456001Z  org.mobyproject.buildkit.worker.oci.process-mode: sandbox
build-push	Run docker/setup-buildx-action@v3	2026-10-05T06:24:52.8456409Z  org.mobyproject.buildkit.worker.selinux.enabled:  false
build-push	Run docker/setup-buildx-action@v3	2026-10-05T06:24:52.8456816Z  org.mobyproject.buildkit.worker.snapshotter:      overlayfs
build-push	Run docker/setup-buildx-action@v3	2026-10-05T06:24:52.8457149Z GC Policy rule#0:
build-push	Run docker/setup-buildx-action@v3	2026-10-05T06:24:52.8457365Z  All:            false
build-push	Run docker/setup-buildx-action@v3	2026-10-05T06:24:52.8458004Z  Filters:        type==source.local type==exec.cachemount type==source.git.checkout
build-push	Run docker/setup-buildx-action@v3	2026-10-05T06:24:52.8458510Z  Keep Duration:  48h0m0s
build-push	Run docker/setup-buildx-action@v3	2026-10-05T06:24:52.8458799Z  Max Used Space: 488.3MiB
build-push	Run docker/setup-buildx-action@v3	2026-10-05T06:24:52.8459100Z GC Policy rule#1:
build-push	Run docker/setup-buildx-action@v3	2026-10-05T06:24:52.8459304Z  All:            false
build-push	Run docker/setup-buildx-action@v3	2026-10-05T06:24:52.8459515Z  Keep Duration:  1440h0m0s
build-push	Run docker/setup-buildx-action@v3	2026-10-05T06:24:52.8459741Z  Reserved Space: 9.313GiB
build-push	Run docker/setup-buildx-action@v3	2026-10-05T06:24:52.8459963Z  Max Used Space: 93.13GiB
build-push	Run docker/setup-buildx-action@v3	2026-10-05T06:24:52.8460183Z  Min Free Space: 27.01GiB
build-push	Run docker/setup-buildx-action@v3	2026-10-05T06:24:52.8460395Z GC Policy rule#2:
build-push	Run docker/setup-buildx-action@v3	2026-10-05T06:24:52.8460590Z  All:            false
build-push	Run docker/setup-buildx-action@v3	2026-10-05T06:24:52.8460804Z  Reserved Space: 9.313GiB
build-push	Run docker/setup-buildx-action@v3	2026-10-05T06:24:52.8461019Z  Max Used Space: 93.13GiB
build-push	Run docker/setup-buildx-action@v3	2026-10-05T06:24:52.8461237Z  Min Free Space: 27.01GiB
build-push	Run docker/setup-buildx-action@v3	2026-10-05T06:24:52.8461448Z GC Policy rule#3:
build-push	Run docker/setup-buildx-action@v3	2026-10-05T06:24:52.8461639Z  All:            true
build-push	Run docker/setup-buildx-action@v3	2026-10-05T06:24:52.8461854Z  Reserved Space: 9.313GiB
build-push	Run docker/setup-buildx-action@v3	2026-10-05T06:24:52.8462065Z  Max Used Space: 93.13GiB
build-push	Run docker/setup-buildx-action@v3	2026-10-05T06:24:52.8462278Z  Min Free Space: 27.01GiB
build-push	Run docker/setup-buildx-action@v3	2026-10-05T06:24:52.8500399Z ##[endgroup]
build-push	Run docker/setup-buildx-action@v3	2026-10-05T06:24:52.9452070Z ##[group]Inspect builder
build-push	Run docker/setup-buildx-action@v3	2026-10-05T06:24:52.9453830Z {
build-push	Run docker/setup-buildx-action@v3	2026-10-05T06:24:52.9456410Z   "nodes": [
build-push	Run docker/setup-buildx-action@v3	2026-10-05T06:24:52.9456757Z     {
build-push	Run docker/setup-buildx-action@v3	2026-10-05T06:24:52.9458615Z       "name": "builder-36bff64c-c73d-4961-b00f-bf21c03aa8e70",
build-push	Run docker/setup-buildx-action@v3	2026-10-05T06:24:52.9459225Z       "endpoint": "unix:///var/run/docker.sock",
build-push	Run docker/setup-buildx-action@v3	2026-10-05T06:24:52.9459789Z       "status": "running",
build-push	Run docker/setup-buildx-action@v3	2026-10-05T06:24:52.9460772Z       "buildkitd-flags": "--allow-insecure-entitlement security.insecure --allow-insecure-entitlement network.host",
build-push	Run docker/setup-buildx-action@v3	2026-10-05T06:24:52.9461809Z       "buildkit": "v0.33.1",
build-push	Run docker/setup-buildx-action@v3	2026-10-05T06:24:52.9463209Z       "platforms": "linux/amd64,linux/amd64/v2,linux/amd64/v3,linux/arm64,linux/riscv64,linux/ppc64le,linux/s390x,linux/386,linux/mips64le,linux/mips64,linux/loong64,linux/arm/v7,linux/arm/v6",
build-push	Run docker/setup-buildx-action@v3	2026-10-05T06:24:52.9464456Z       "features": {
build-push	Run docker/setup-buildx-action@v3	2026-10-05T06:24:52.9465305Z         "Automatically load images to the Docker Engine image store": true,
build-push	Run docker/setup-buildx-action@v3	2026-10-05T06:24:52.9466038Z         "Cache export": true,
build-push	Run docker/setup-buildx-action@v3	2026-10-05T06:24:52.9466824Z         "Direct push": true,
build-push	Run docker/setup-buildx-action@v3	2026-10-05T06:24:52.9467273Z         "Docker exporter": true,
build-push	Run docker/setup-buildx-action@v3	2026-10-05T06:24:52.9468637Z         "Multi-platform build": true,
build-push	Run docker/setup-buildx-action@v3	2026-10-05T06:24:52.9469127Z         "OCI exporter": true
build-push	Run docker/setup-buildx-action@v3	2026-10-05T06:24:52.9469544Z       },
build-push	Run docker/setup-buildx-action@v3	2026-10-05T06:24:52.9469883Z       "labels": {
build-push	Run docker/setup-buildx-action@v3	2026-10-05T06:24:52.9470390Z         "org.mobyproject.buildkit.worker.executor": "oci",
build-push	Run docker/setup-buildx-action@v3	2026-10-05T06:24:52.9471100Z         "org.mobyproject.buildkit.worker.hostname": "202005c3cf76",
build-push	Run docker/setup-buildx-action@v3	2026-10-05T06:24:52.9471924Z         "org.mobyproject.buildkit.worker.network": "host",
build-push	Run docker/setup-buildx-action@v3	2026-10-05T06:24:52.9472406Z         "org.mobyproject.buildkit.worker.oci.process-mode": "sandbox",
build-push	Run docker/setup-buildx-action@v3	2026-10-05T06:24:52.9472907Z         "org.mobyproject.buildkit.worker.selinux.enabled": "false",
build-push	Run docker/setup-buildx-action@v3	2026-10-05T06:24:52.9473381Z         "org.mobyproject.buildkit.worker.snapshotter": "overlayfs"
build-push	Run docker/setup-buildx-action@v3	2026-10-05T06:24:52.9473750Z       },
build-push	Run docker/setup-buildx-action@v3	2026-10-05T06:24:52.9473934Z       "gcPolicy": [
build-push	Run docker/setup-buildx-action@v3	2026-10-05T06:24:52.9474155Z         {
build-push	Run docker/setup-buildx-action@v3	2026-10-05T06:24:52.9474363Z           "all": false,
build-push	Run docker/setup-buildx-action@v3	2026-10-05T06:24:52.9474602Z           "filter": [
build-push	Run docker/setup-buildx-action@v3	2026-10-05T06:24:52.9474976Z             "type==source.local type==exec.cachemount type==source.git.checkout"
build-push	Run docker/setup-buildx-action@v3	2026-10-05T06:24:52.9475389Z           ],
build-push	Run docker/setup-buildx-action@v3	2026-10-05T06:24:52.9475615Z           "keepDuration": "48h0m0s",
build-push	Run docker/setup-buildx-action@v3	2026-10-05T06:24:52.9475901Z           "maxUsedSpace": "488.3MiB"
build-push	Run docker/setup-buildx-action@v3	2026-10-05T06:24:52.9476158Z         },
build-push	Run docker/setup-buildx-action@v3	2026-10-05T06:24:52.9476336Z         {
build-push	Run docker/setup-buildx-action@v3	2026-10-05T06:24:52.9476516Z           "all": false,
build-push	Run docker/setup-buildx-action@v3	2026-10-05T06:24:52.9476756Z           "keepDuration": "1440h0m0s",
build-push	Run docker/setup-buildx-action@v3	2026-10-05T06:24:52.9477032Z           "reservedSpace": "9.313GiB",
build-push	Run docker/setup-buildx-action@v3	2026-10-05T06:24:52.9477292Z           "maxUsedSpace": "93.13GiB",
build-push	Run docker/setup-buildx-action@v3	2026-10-05T06:24:52.9477541Z           "minFreeSpace": "27.01GiB"
build-push	Run docker/setup-buildx-action@v3	2026-10-05T06:24:52.9478162Z         },
build-push	Run docker/setup-buildx-action@v3	2026-10-05T06:24:52.9478346Z         {
build-push	Run docker/setup-buildx-action@v3	2026-10-05T06:24:52.9478521Z           "all": false,
build-push	Run docker/setup-buildx-action@v3	2026-10-05T06:24:52.9478796Z           "reservedSpace": "9.313GiB",
build-push	Run docker/setup-buildx-action@v3	2026-10-05T06:24:52.9479113Z           "maxUsedSpace": "93.13GiB",
build-push	Run docker/setup-buildx-action@v3	2026-10-05T06:24:52.9479419Z           "minFreeSpace": "27.01GiB"
build-push	Run docker/setup-buildx-action@v3	2026-10-05T06:24:52.9479683Z         },
build-push	Run docker/setup-buildx-action@v3	2026-10-05T06:24:52.9479866Z         {
build-push	Run docker/setup-buildx-action@v3	2026-10-05T06:24:52.9480068Z           "all": true,
build-push	Run docker/setup-buildx-action@v3	2026-10-05T06:24:52.9480317Z           "reservedSpace": "9.313GiB",
build-push	Run docker/setup-buildx-action@v3	2026-10-05T06:24:52.9480603Z           "maxUsedSpace": "93.13GiB",
build-push	Run docker/setup-buildx-action@v3	2026-10-05T06:24:52.9480880Z           "minFreeSpace": "27.01GiB"
build-push	Run docker/setup-buildx-action@v3	2026-10-05T06:24:52.9481134Z         }
build-push	Run docker/setup-buildx-action@v3	2026-10-05T06:24:52.9481325Z       ]
build-push	Run docker/setup-buildx-action@v3	2026-10-05T06:24:52.9481519Z     }
build-push	Run docker/setup-buildx-action@v3	2026-10-05T06:24:52.9481705Z   ],
build-push	Run docker/setup-buildx-action@v3	2026-10-05T06:24:52.9481972Z   "name": "builder-36bff64c-c73d-4961-b00f-bf21c03aa8e7",
build-push	Run docker/setup-buildx-action@v3	2026-10-05T06:24:52.9482327Z   "driver": "docker-container",
build-push	Run docker/setup-buildx-action@v3	2026-10-05T06:24:52.9482610Z   "lastActivity": "2026-10-05T06:24:50.000Z"
build-push	Run docker/setup-buildx-action@v3	2026-10-05T06:24:52.9482898Z }
build-push	Run docker/setup-buildx-action@v3	2026-10-05T06:24:52.9483288Z ##[endgroup]
build-push	Run docker/setup-buildx-action@v3	2026-10-05T06:24:52.9483660Z ##[group]BuildKit version
build-push	Run docker/setup-buildx-action@v3	2026-10-05T06:24:52.9483969Z builder-36bff64c-c73d-4961-b00f-bf21c03aa8e70: v0.33.1
build-push	Run docker/setup-buildx-action@v3	2026-10-05T06:24:52.9484459Z ##[endgroup]
build-push	Build and scan arm64 image	﻿2026-10-05T06:24:52.9610017Z ##[group]Run set -o pipefail
build-push	Build and scan arm64 image	2026-10-05T06:24:52.9610357Z [36;1mset -o pipefail[0m
build-push	Build and scan arm64 image	2026-10-05T06:24:52.9611246Z [36;1mdocker buildx build --platform linux/arm64 --load -t 'ghcr.io/rajasurya-rjs/devops-heros/ops-notes:e1b3f65fc09b6226b28141fc6748c03ceda87c93-arm64' -f final-devops-project/docker/Dockerfile final-devops-project[0m
build-push	Build and scan arm64 image	2026-10-05T06:24:52.9612792Z [36;1mtrivy image --scanners vuln --severity HIGH,CRITICAL --ignore-unfixed --exit-code 1 'ghcr.io/rajasurya-rjs/devops-heros/ops-notes:e1b3f65fc09b6226b28141fc6748c03ceda87c93-arm64' 2>&1 | tee reports/image-scan-arm64.txt[0m
build-push	Build and scan arm64 image	2026-10-05T06:24:52.9613951Z [36;1mdocker push 'ghcr.io/rajasurya-rjs/devops-heros/ops-notes:e1b3f65fc09b6226b28141fc6748c03ceda87c93-arm64'[0m
build-push	Build and scan arm64 image	2026-10-05T06:24:52.9615033Z [36;1mdocker tag 'ghcr.io/rajasurya-rjs/devops-heros/ops-notes:e1b3f65fc09b6226b28141fc6748c03ceda87c93' 'ghcr.io/rajasurya-rjs/devops-heros/ops-notes:e1b3f65fc09b6226b28141fc6748c03ceda87c93-amd64'[0m
build-push	Build and scan arm64 image	2026-10-05T06:24:52.9616260Z [36;1mdocker push 'ghcr.io/rajasurya-rjs/devops-heros/ops-notes:e1b3f65fc09b6226b28141fc6748c03ceda87c93-amd64'[0m
build-push	Build and scan arm64 image	2026-10-05T06:24:52.9618161Z [36;1mdocker buildx imagetools create -t 'ghcr.io/rajasurya-rjs/devops-heros/ops-notes:e1b3f65fc09b6226b28141fc6748c03ceda87c93' 'ghcr.io/rajasurya-rjs/devops-heros/ops-notes:e1b3f65fc09b6226b28141fc6748c03ceda87c93-amd64' 'ghcr.io/rajasurya-rjs/devops-heros/ops-notes:e1b3f65fc09b6226b28141fc6748c03ceda87c93-arm64'[0m
build-push	Build and scan arm64 image	2026-10-05T06:24:52.9619794Z [36;1mdocker save 'ghcr.io/rajasurya-rjs/devops-heros/ops-notes:e1b3f65fc09b6226b28141fc6748c03ceda87c93-arm64' -o /tmp/ops-notes-arm64.tar[0m
build-push	Build and scan arm64 image	2026-10-05T06:24:52.9681783Z shell: /usr/bin/bash -e {0}
build-push	Build and scan arm64 image	2026-10-05T06:24:52.9682051Z ##[endgroup]
build-push	Build and scan arm64 image	2026-10-05T06:24:53.3233817Z #0 building with "builder-36bff64c-c73d-4961-b00f-bf21c03aa8e7" instance using docker-container driver
build-push	Build and scan arm64 image	2026-10-05T06:24:53.3234381Z 
build-push	Build and scan arm64 image	2026-10-05T06:24:53.3234526Z #1 [internal] load build definition from Dockerfile
build-push	Build and scan arm64 image	2026-10-05T06:24:53.3234874Z #1 transferring dockerfile: 625B done
build-push	Build and scan arm64 image	2026-10-05T06:24:53.3235188Z #1 DONE 0.0s
build-push	Build and scan arm64 image	2026-10-05T06:24:53.3235313Z 
build-push	Build and scan arm64 image	2026-10-05T06:24:53.3235490Z #2 [auth] library/python:pull token for registry-1.docker.io
build-push	Build and scan arm64 image	2026-10-05T06:24:53.3235829Z #2 DONE 0.0s
build-push	Build and scan arm64 image	2026-10-05T06:24:53.3235942Z 
build-push	Build and scan arm64 image	2026-10-05T06:24:53.3236127Z #3 [internal] load metadata for docker.io/library/python:3.13-alpine
build-push	Build and scan arm64 image	2026-10-05T06:24:53.5519516Z #3 DONE 0.5s
build-push	Build and scan arm64 image	2026-10-05T06:24:53.6796926Z 
build-push	Build and scan arm64 image	2026-10-05T06:24:53.6801524Z #4 [internal] load .dockerignore
build-push	Build and scan arm64 image	2026-10-05T06:24:53.6805054Z #4 transferring context: 110B done
build-push	Build and scan arm64 image	2026-10-05T06:24:53.6806307Z #4 DONE 0.0s
build-push	Build and scan arm64 image	2026-10-05T06:24:53.6806502Z 
build-push	Build and scan arm64 image	2026-10-05T06:24:53.6806659Z #5 [internal] load build context
build-push	Build and scan arm64 image	2026-10-05T06:24:53.6807054Z #5 transferring context: 8.85kB done
build-push	Build and scan arm64 image	2026-10-05T06:24:53.6807431Z #5 DONE 0.0s
build-push	Build and scan arm64 image	2026-10-05T06:24:53.6807963Z 
build-push	Build and scan arm64 image	2026-10-05T06:24:53.6808554Z #6 [1/5] FROM docker.io/library/python:3.13-alpine@sha256:2d9aefe2fef018a7eb2c13064c89c71929800fd2e5dccdbf52ea5da5bb8d929a
build-push	Build and scan arm64 image	2026-10-05T06:24:53.6811288Z #6 resolve docker.io/library/python:3.13-alpine@sha256:2d9aefe2fef018a7eb2c13064c89c71929800fd2e5dccdbf52ea5da5bb8d929a done
build-push	Build and scan arm64 image	2026-10-05T06:24:53.6812857Z #6 sha256:6db16a24faac868ed8ff2907cf959c95080b09ef848554d2608a1bdbe21cc26c 249B / 249B 0.0s done
build-push	Build and scan arm64 image	2026-10-05T06:24:53.6814421Z #6 sha256:02bd2e91174af6cde81fb107aff757fec0d7295b1d0e14c5e77a8d78cb39ec05 419.11kB / 419.11kB 0.1s done
build-push	Build and scan arm64 image	2026-10-05T06:24:53.7864058Z #6 sha256:a9986cd6f37dbddae7862a6d4be71683472e7c2ea708e87db14f8a6393c00f00 4.19MB / 4.19MB 0.1s done
build-push	Build and scan arm64 image	2026-10-05T06:24:53.7865507Z #6 extracting sha256:a9986cd6f37dbddae7862a6d4be71683472e7c2ea708e87db14f8a6393c00f00 0.1s done
build-push	Build and scan arm64 image	2026-10-05T06:24:53.7866386Z #6 sha256:4617d3b3593616fadcdd6bdd0634753e2135ae2d2612abcd71e8c726f3084fdc 15.65MB / 15.65MB 0.1s done
build-push	Build and scan arm64 image	2026-10-05T06:24:53.7866887Z #6 DONE 0.2s
build-push	Build and scan arm64 image	2026-10-05T06:24:53.9012320Z 
build-push	Build and scan arm64 image	2026-10-05T06:24:53.9013785Z #6 [1/5] FROM docker.io/library/python:3.13-alpine@sha256:2d9aefe2fef018a7eb2c13064c89c71929800fd2e5dccdbf52ea5da5bb8d929a
build-push	Build and scan arm64 image	2026-10-05T06:24:53.9015050Z #6 extracting sha256:02bd2e91174af6cde81fb107aff757fec0d7295b1d0e14c5e77a8d78cb39ec05 0.1s done
build-push	Build and scan arm64 image	2026-10-05T06:24:53.9016182Z #6 DONE 0.3s
build-push	Build and scan arm64 image	2026-10-05T06:24:54.0519489Z 
build-push	Build and scan arm64 image	2026-10-05T06:24:54.0520310Z #6 [1/5] FROM docker.io/library/python:3.13-alpine@sha256:2d9aefe2fef018a7eb2c13064c89c71929800fd2e5dccdbf52ea5da5bb8d929a
build-push	Build and scan arm64 image	2026-10-05T06:24:54.3108124Z #6 extracting sha256:4617d3b3593616fadcdd6bdd0634753e2135ae2d2612abcd71e8c726f3084fdc
build-push	Build and scan arm64 image	2026-10-05T06:24:54.3109407Z #6 extracting sha256:4617d3b3593616fadcdd6bdd0634753e2135ae2d2612abcd71e8c726f3084fdc 0.4s done
build-push	Build and scan arm64 image	2026-10-05T06:24:54.3110127Z #6 DONE 0.7s
build-push	Build and scan arm64 image	2026-10-05T06:24:54.4655800Z 
build-push	Build and scan arm64 image	2026-10-05T06:24:54.4657146Z #6 [1/5] FROM docker.io/library/python:3.13-alpine@sha256:2d9aefe2fef018a7eb2c13064c89c71929800fd2e5dccdbf52ea5da5bb8d929a
build-push	Build and scan arm64 image	2026-10-05T06:24:54.4658875Z #6 extracting sha256:6db16a24faac868ed8ff2907cf959c95080b09ef848554d2608a1bdbe21cc26c done
build-push	Build and scan arm64 image	2026-10-05T06:24:54.4659696Z #6 DONE 0.7s
build-push	Build and scan arm64 image	2026-10-05T06:24:54.4659901Z 
build-push	Build and scan arm64 image	2026-10-05T06:24:54.4660576Z #7 [2/5] RUN python -m pip uninstall -y pip setuptools wheel msgpack urllib3     && rm -rf /usr/local/lib/python3.13/ensurepip
build-push	Build and scan arm64 image	2026-10-05T06:25:09.9930879Z #7 15.68 Found existing installation: pip 26.2.1
build-push	Build and scan arm64 image	2026-10-05T06:25:10.4829127Z #7 16.17 Uninstalling pip-26.2.1:
build-push	Build and scan arm64 image	2026-10-05T06:25:11.2444638Z #7 16.93   Successfully uninstalled pip-26.2.1
build-push	Build and scan arm64 image	2026-10-05T06:25:11.3584465Z #7 17.04 WARNING: Skipping setuptools as it is not installed.
build-push	Build and scan arm64 image	2026-10-05T06:25:11.4841428Z #7 17.09 WARNING: Skipping wheel as it is not installed.
build-push	Build and scan arm64 image	2026-10-05T06:25:11.4842711Z #7 17.13 WARNING: Skipping msgpack as it is not installed.
build-push	Build and scan arm64 image	2026-10-05T06:25:11.4844296Z #7 17.17 WARNING: Skipping urllib3 as it is not installed.
build-push	Build and scan arm64 image	2026-10-05T06:25:11.6382399Z #7 17.17 WARNING: Running pip as the 'root' user can result in broken permissions and conflicting behaviour with the system package manager, possibly rendering your system unusable. It is recommended to use a virtual environment instead: https://pip.pypa.io/warnings/venv. Use the --root-user-action option if you know what you are doing and want to suppress this warning.
build-push	Build and scan arm64 image	2026-10-05T06:25:11.8186734Z #7 DONE 17.5s
build-push	Build and scan arm64 image	2026-10-05T06:25:11.9701690Z 
build-push	Build and scan arm64 image	2026-10-05T06:25:11.9702479Z #8 [3/5] RUN addgroup -g 10001 app && adduser -D -u 10001 -G app app     && mkdir /data && chown app:app /data
build-push	Build and scan arm64 image	2026-10-05T06:25:11.9825330Z #8 DONE 0.2s
build-push	Build and scan arm64 image	2026-10-05T06:25:12.1579677Z 
build-push	Build and scan arm64 image	2026-10-05T06:25:12.1579985Z #9 [4/5] WORKDIR /app
build-push	Build and scan arm64 image	2026-10-05T06:25:12.1580367Z #9 DONE 0.0s
build-push	Build and scan arm64 image	2026-10-05T06:25:12.1580559Z 
build-push	Build and scan arm64 image	2026-10-05T06:25:12.1580904Z #10 [5/5] COPY --chown=app:app application/app.py application/index.html ./
build-push	Build and scan arm64 image	2026-10-05T06:25:12.1581549Z #10 DONE 0.0s
build-push	Build and scan arm64 image	2026-10-05T06:25:12.1581740Z 
build-push	Build and scan arm64 image	2026-10-05T06:25:12.1581898Z #11 exporting to docker image format
build-push	Build and scan arm64 image	2026-10-05T06:25:12.1864600Z #11 exporting layers
build-push	Build and scan arm64 image	2026-10-05T06:25:12.1865056Z #11 exporting layers 0.2s done
build-push	Build and scan arm64 image	2026-10-05T06:25:12.3209441Z #11 exporting manifest sha256:47a9bbdb9ea4b8d47bc4707b1a3b89c67dacffcd0b37075806a6179be3fc7fb6 done
build-push	Build and scan arm64 image	2026-10-05T06:25:12.3210721Z #11 exporting config sha256:975ebb4439feea426ae9ef09f56fb62160c013a25519e4bb554ef158e9bcd49c done
build-push	Build and scan arm64 image	2026-10-05T06:25:12.3211583Z #11 sending tarball
build-push	Build and scan arm64 image	2026-10-05T06:25:13.4593207Z #11 sending tarball 1.2s done
build-push	Build and scan arm64 image	2026-10-05T06:25:13.4594063Z #11 DONE 1.4s
build-push	Build and scan arm64 image	2026-10-05T06:25:13.4594484Z 
build-push	Build and scan arm64 image	2026-10-05T06:25:13.4594660Z #12 importing to docker
build-push	Build and scan arm64 image	2026-10-05T06:25:13.4595208Z #12 loading layer 1b349a333453 4.19MB / 4.19MB 1.1s done
build-push	Build and scan arm64 image	2026-10-05T06:25:13.4595990Z #12 loading layer 3b7d34454648 419.11kB / 419.11kB 1.0s done
build-push	Build and scan arm64 image	2026-10-05T06:25:13.4596700Z #12 loading layer 261ca2ec8ae5 15.65MB / 15.65MB 0.8s done
build-push	Build and scan arm64 image	2026-10-05T06:25:13.4597331Z #12 loading layer aec9a240062c 249B / 249B 0.2s done
build-push	Build and scan arm64 image	2026-10-05T06:25:13.4598255Z #12 loading layer 2f2b36b620f3 1.72MB / 1.72MB 0.2s done
build-push	Build and scan arm64 image	2026-10-05T06:25:13.4598873Z #12 loading layer 06c19c1285fb 962B / 962B 0.0s done
build-push	Build and scan arm64 image	2026-10-05T06:25:13.4599454Z #12 loading layer e2f748de26af 93B / 93B 0.0s done
build-push	Build and scan arm64 image	2026-10-05T06:25:13.4600073Z #12 loading layer 1b77dcb6f5c3 3.44kB / 3.44kB 0.0s done
build-push	Build and scan arm64 image	2026-10-05T06:25:13.4600579Z #12 DONE 1.1s
build-push	Build and scan arm64 image	2026-10-05T06:25:13.5463702Z 2026-10-05T06:25:13Z	INFO	[vuln] Vulnerability scanning is enabled
build-push	Build and scan arm64 image	2026-10-05T06:25:14.0454918Z 2026-10-05T06:25:14Z	WARN	Third-party SBOM may lead to inaccurate vulnerability detection
build-push	Build and scan arm64 image	2026-10-05T06:25:14.0455710Z 2026-10-05T06:25:14Z	WARN	Recommend using Trivy to generate SBOMs
build-push	Build and scan arm64 image	2026-10-05T06:25:14.0608364Z 2026-10-05T06:25:14Z	INFO	Detected OS	family="alpine" version="3.24.2"
build-push	Build and scan arm64 image	2026-10-05T06:25:14.0610002Z 2026-10-05T06:25:14Z	INFO	[alpine] Detecting vulnerabilities...	os_version="3.24" repository="3.24" pkg_num=29
build-push	Build and scan arm64 image	2026-10-05T06:25:14.0623176Z 2026-10-05T06:25:14Z	INFO	Number of language-specific files	num=0
build-push	Build and scan arm64 image	2026-10-05T06:25:14.0695172Z 
build-push	Build and scan arm64 image	2026-10-05T06:25:14.0695432Z Report Summary
build-push	Build and scan arm64 image	2026-10-05T06:25:14.0695682Z 
build-push	Build and scan arm64 image	2026-10-05T06:25:14.0697100Z ┌──────────────────────────────────────────────────────────────────────────────────┬────────┬─────────────────┐
build-push	Build and scan arm64 image	2026-10-05T06:25:14.0698866Z │                                      Target                                      │  Type  │ Vulnerabilities │
build-push	Build and scan arm64 image	2026-10-05T06:25:14.0700867Z ├──────────────────────────────────────────────────────────────────────────────────┼────────┼─────────────────┤
build-push	Build and scan arm64 image	2026-10-05T06:25:14.0701913Z │ ghcr.io/rajasurya-rjs/devops-heros/ops-notes:e1b3f65fc09b6226b28141fc6748c03ced- │ alpine │        0        │
build-push	Build and scan arm64 image	2026-10-05T06:25:14.0702903Z │ a87c93-arm64 (alpine 3.24.2)                                                     │        │                 │
build-push	Build and scan arm64 image	2026-10-05T06:25:14.0703758Z └──────────────────────────────────────────────────────────────────────────────────┴────────┴─────────────────┘
build-push	Build and scan arm64 image	2026-10-05T06:25:14.0704276Z Legend:
build-push	Build and scan arm64 image	2026-10-05T06:25:14.0704515Z - '-': Not scanned
build-push	Build and scan arm64 image	2026-10-05T06:25:14.0704821Z - '0': Clean (no security findings detected)
build-push	Build and scan arm64 image	2026-10-05T06:25:14.0705091Z 
build-push	Build and scan arm64 image	2026-10-05T06:25:14.0899326Z The push refers to repository [ghcr.io/rajasurya-rjs/devops-heros/ops-notes]
build-push	Build and scan arm64 image	2026-10-05T06:25:14.1533862Z 1b77dcb6f5c3: Preparing
build-push	Build and scan arm64 image	2026-10-05T06:25:14.1534264Z e2f748de26af: Preparing
build-push	Build and scan arm64 image	2026-10-05T06:25:14.1534702Z 06c19c1285fb: Preparing
build-push	Build and scan arm64 image	2026-10-05T06:25:14.1534992Z 2f2b36b620f3: Preparing
build-push	Build and scan arm64 image	2026-10-05T06:25:14.1535265Z aec9a240062c: Preparing
build-push	Build and scan arm64 image	2026-10-05T06:25:14.1535534Z 261ca2ec8ae5: Preparing
build-push	Build and scan arm64 image	2026-10-05T06:25:14.1535950Z 3b7d34454648: Preparing
build-push	Build and scan arm64 image	2026-10-05T06:25:14.1536191Z 1b349a333453: Preparing
build-push	Build and scan arm64 image	2026-10-05T06:25:14.1536421Z 261ca2ec8ae5: Waiting
build-push	Build and scan arm64 image	2026-10-05T06:25:14.1536646Z 1b349a333453: Waiting
build-push	Build and scan arm64 image	2026-10-05T06:25:14.1536955Z 3b7d34454648: Waiting
build-push	Build and scan arm64 image	2026-10-05T06:25:15.2026421Z aec9a240062c: Pushed
build-push	Build and scan arm64 image	2026-10-05T06:25:15.6534383Z 1b77dcb6f5c3: Pushed
build-push	Build and scan arm64 image	2026-10-05T06:25:15.7171431Z e2f748de26af: Pushed
build-push	Build and scan arm64 image	2026-10-05T06:25:15.7586326Z 2f2b36b620f3: Pushed
build-push	Build and scan arm64 image	2026-10-05T06:25:15.7617235Z 06c19c1285fb: Pushed
build-push	Build and scan arm64 image	2026-10-05T06:25:16.5402111Z 3b7d34454648: Pushed
build-push	Build and scan arm64 image	2026-10-05T06:25:16.9806536Z 1b349a333453: Pushed
build-push	Build and scan arm64 image	2026-10-05T06:25:17.6991460Z 261ca2ec8ae5: Pushed
build-push	Build and scan arm64 image	2026-10-05T06:25:19.5496709Z e1b3f65fc09b6226b28141fc6748c03ceda87c93-arm64: digest: sha256:757e6264de3c6e3cc102eaaf5fc908a80c8f6c7c36286ebc5a7b84d66fb35e5b size: 1989
build-push	Build and scan arm64 image	2026-10-05T06:25:19.5833129Z The push refers to repository [ghcr.io/rajasurya-rjs/devops-heros/ops-notes]
build-push	Build and scan arm64 image	2026-10-05T06:25:19.6443185Z 8c7f293751be: Preparing
build-push	Build and scan arm64 image	2026-10-05T06:25:19.6443692Z 551bb5afd975: Preparing
build-push	Build and scan arm64 image	2026-10-05T06:25:19.6444159Z 1fd8c4c90780: Preparing
build-push	Build and scan arm64 image	2026-10-05T06:25:19.6444530Z c29e4a0d18fd: Preparing
build-push	Build and scan arm64 image	2026-10-05T06:25:19.6444919Z 09b41e0a8d45: Preparing
build-push	Build and scan arm64 image	2026-10-05T06:25:19.6445282Z 4b3c5e4553e1: Preparing
build-push	Build and scan arm64 image	2026-10-05T06:25:19.6445643Z ebc25a728871: Preparing
build-push	Build and scan arm64 image	2026-10-05T06:25:19.6446013Z 74d97c428c51: Preparing
build-push	Build and scan arm64 image	2026-10-05T06:25:19.6446371Z 4b3c5e4553e1: Waiting
build-push	Build and scan arm64 image	2026-10-05T06:25:19.6446716Z ebc25a728871: Waiting
build-push	Build and scan arm64 image	2026-10-05T06:25:19.6447053Z 74d97c428c51: Waiting
build-push	Build and scan arm64 image	2026-10-05T06:25:19.8648330Z 09b41e0a8d45: Layer already exists
build-push	Build and scan arm64 image	2026-10-05T06:25:19.8684256Z 8c7f293751be: Layer already exists
build-push	Build and scan arm64 image	2026-10-05T06:25:19.8703278Z c29e4a0d18fd: Layer already exists
build-push	Build and scan arm64 image	2026-10-05T06:25:19.8759368Z 551bb5afd975: Layer already exists
build-push	Build and scan arm64 image	2026-10-05T06:25:19.8778867Z 1fd8c4c90780: Layer already exists
build-push	Build and scan arm64 image	2026-10-05T06:25:19.9386042Z 4b3c5e4553e1: Layer already exists
build-push	Build and scan arm64 image	2026-10-05T06:25:19.9535618Z ebc25a728871: Layer already exists
build-push	Build and scan arm64 image	2026-10-05T06:25:19.9573608Z 74d97c428c51: Layer already exists
build-push	Build and scan arm64 image	2026-10-05T06:25:20.4687034Z e1b3f65fc09b6226b28141fc6748c03ceda87c93-amd64: digest: sha256:e67d3aa4996537b34f9cf1adba096dae37456ae7ee79462e5e3ad76eee3fee38 size: 1989
build-push	Build and scan arm64 image	2026-10-05T06:25:21.0744594Z #1 [internal] pushing ghcr.io/rajasurya-rjs/devops-heros/ops-notes
build-push	Build and scan arm64 image	2026-10-05T06:25:21.2256381Z #1 0.000 copying sha256:757e6264de3c6e3cc102eaaf5fc908a80c8f6c7c36286ebc5a7b84d66fb35e5b from ghcr.io/rajasurya-rjs/devops-heros/ops-notes:e1b3f65fc09b6226b28141fc6748c03ceda87c93-arm64 to ghcr.io/rajasurya-rjs/devops-heros/ops-notes
build-push	Build and scan arm64 image	2026-10-05T06:25:21.2258640Z #1 0.000 copying sha256:e67d3aa4996537b34f9cf1adba096dae37456ae7ee79462e5e3ad76eee3fee38 from ghcr.io/rajasurya-rjs/devops-heros/ops-notes:e1b3f65fc09b6226b28141fc6748c03ceda87c93-amd64 to ghcr.io/rajasurya-rjs/devops-heros/ops-notes
build-push	Build and scan arm64 image	2026-10-05T06:25:21.5418654Z #1 0.467 pushing sha256:eaa05f6d0aefa5b4cd1ea1964069e8dd9bc867f5cf84fe9ed229f95497e6f752 to ghcr.io/rajasurya-rjs/devops-heros/ops-notes:e1b3f65fc09b6226b28141fc6748c03ceda87c93
build-push	Build and scan arm64 image	2026-10-05T06:25:21.8888218Z #1 DONE 0.8s
build-push	Run actions/upload-artifact@v4	﻿2026-10-05T06:25:22.3465154Z ##[group]Run actions/upload-artifact@v4
build-push	Run actions/upload-artifact@v4	2026-10-05T06:25:22.3465466Z with:
build-push	Run actions/upload-artifact@v4	2026-10-05T06:25:22.3465689Z   name: container-image-arm64
build-push	Run actions/upload-artifact@v4	2026-10-05T06:25:22.3465959Z   path: /tmp/ops-notes-arm64.tar
build-push	Run actions/upload-artifact@v4	2026-10-05T06:25:22.3466228Z   retention-days: 3
build-push	Run actions/upload-artifact@v4	2026-10-05T06:25:22.3466450Z   if-no-files-found: warn
build-push	Run actions/upload-artifact@v4	2026-10-05T06:25:22.3466688Z   compression-level: 6
build-push	Run actions/upload-artifact@v4	2026-10-05T06:25:22.3466906Z   overwrite: false
build-push	Run actions/upload-artifact@v4	2026-10-05T06:25:22.3467120Z   include-hidden-files: false
build-push	Run actions/upload-artifact@v4	2026-10-05T06:25:22.3467356Z ##[endgroup]
build-push	Run actions/upload-artifact@v4	2026-10-05T06:25:22.5074649Z (node:4004) [DEP0040] DeprecationWarning: The `punycode` module is deprecated. Please use a userland alternative instead.
build-push	Run actions/upload-artifact@v4	2026-10-05T06:25:22.5075431Z (Use `node --trace-deprecation ...` to show where the warning was created)
build-push	Run actions/upload-artifact@v4	2026-10-05T06:25:22.5120171Z With the provided path, there will be 1 file uploaded
build-push	Run actions/upload-artifact@v4	2026-10-05T06:25:22.5134976Z Artifact name is valid!
build-push	Run actions/upload-artifact@v4	2026-10-05T06:25:22.5139204Z Root directory input is valid!
build-push	Run actions/upload-artifact@v4	2026-10-05T06:25:22.7785345Z Beginning upload of artifact content to blob storage
build-push	Run actions/upload-artifact@v4	2026-10-05T06:25:23.3281123Z (node:4004) [DEP0169] DeprecationWarning: `url.parse()` behavior is not standardized and prone to errors that have security implications. Use the WHATWG URL API instead. CVEs are not issued for `url.parse()` vulnerabilities.
build-push	Run actions/upload-artifact@v4	2026-10-05T06:25:23.7519498Z Uploaded bytes 8388608
build-push	Run actions/upload-artifact@v4	2026-10-05T06:25:24.1039290Z Uploaded bytes 16777216
build-push	Run actions/upload-artifact@v4	2026-10-05T06:25:24.5224625Z Uploaded bytes 21866100
build-push	Run actions/upload-artifact@v4	2026-10-05T06:25:24.5588967Z Finished uploading artifact content to blob storage!
build-push	Run actions/upload-artifact@v4	2026-10-05T06:25:24.5590624Z SHA256 digest of uploaded artifact zip is a8d4e373f63ecc579b16d9fb459cb6e2b989fbe8555a6fc500dca0ead7f5cc14
build-push	Run actions/upload-artifact@v4	2026-10-05T06:25:24.5592998Z Finalizing artifact upload
build-push	Run actions/upload-artifact@v4	2026-10-05T06:25:24.7723718Z Artifact container-image-arm64.zip successfully finalized. Artifact ID 11327844790
build-push	Run actions/upload-artifact@v4	2026-10-05T06:25:24.7725263Z Artifact container-image-arm64 has been successfully uploaded! Final size is 21866100 bytes. Artifact ID is 11327844790
build-push	Run actions/upload-artifact@v4	2026-10-05T06:25:24.7731535Z Artifact download URL: https://github.com/rajasurya-rjs/devops-heros/actions/runs/37272214475/artifacts/11327844790
build-push	Save image for deployment job	﻿2026-10-05T06:25:24.7874544Z ##[group]Run docker save 'ghcr.io/rajasurya-rjs/devops-heros/ops-notes:e1b3f65fc09b6226b28141fc6748c03ceda87c93' -o /tmp/ops-notes.tar
build-push	Save image for deployment job	2026-10-05T06:25:24.7875546Z [36;1mdocker save 'ghcr.io/rajasurya-rjs/devops-heros/ops-notes:e1b3f65fc09b6226b28141fc6748c03ceda87c93' -o /tmp/ops-notes.tar[0m
build-push	Save image for deployment job	2026-10-05T06:25:24.7938883Z shell: /usr/bin/bash -e {0}
build-push	Save image for deployment job	2026-10-05T06:25:24.7939150Z ##[endgroup]
build-push	Run actions/upload-artifact@v4	﻿2026-10-05T06:25:25.2567964Z ##[group]Run actions/upload-artifact@v4
build-push	Run actions/upload-artifact@v4	2026-10-05T06:25:25.2568322Z with:
build-push	Run actions/upload-artifact@v4	2026-10-05T06:25:25.2568538Z   name: container-image
build-push	Run actions/upload-artifact@v4	2026-10-05T06:25:25.2568786Z   path: /tmp/ops-notes.tar
build-push	Run actions/upload-artifact@v4	2026-10-05T06:25:25.2569034Z   retention-days: 3
build-push	Run actions/upload-artifact@v4	2026-10-05T06:25:25.2569377Z   if-no-files-found: warn
build-push	Run actions/upload-artifact@v4	2026-10-05T06:25:25.2569629Z   compression-level: 6
build-push	Run actions/upload-artifact@v4	2026-10-05T06:25:25.2570075Z   overwrite: false
build-push	Run actions/upload-artifact@v4	2026-10-05T06:25:25.2570306Z   include-hidden-files: false
build-push	Run actions/upload-artifact@v4	2026-10-05T06:25:25.2570555Z ##[endgroup]
build-push	Run actions/upload-artifact@v4	2026-10-05T06:25:25.4226144Z (node:4026) [DEP0040] DeprecationWarning: The `punycode` module is deprecated. Please use a userland alternative instead.
build-push	Run actions/upload-artifact@v4	2026-10-05T06:25:25.4228151Z (Use `node --trace-deprecation ...` to show where the warning was created)
build-push	Run actions/upload-artifact@v4	2026-10-05T06:25:25.4272619Z With the provided path, there will be 1 file uploaded
build-push	Run actions/upload-artifact@v4	2026-10-05T06:25:25.4291306Z Artifact name is valid!
build-push	Run actions/upload-artifact@v4	2026-10-05T06:25:25.4295059Z Root directory input is valid!
build-push	Run actions/upload-artifact@v4	2026-10-05T06:25:25.6549637Z Beginning upload of artifact content to blob storage
build-push	Run actions/upload-artifact@v4	2026-10-05T06:25:26.3314165Z (node:4026) [DEP0169] DeprecationWarning: `url.parse()` behavior is not standardized and prone to errors that have security implications. Use the WHATWG URL API instead. CVEs are not issued for `url.parse()` vulnerabilities.
build-push	Run actions/upload-artifact@v4	2026-10-05T06:25:26.6838421Z Uploaded bytes 8388608
build-push	Run actions/upload-artifact@v4	2026-10-05T06:25:27.1220508Z Uploaded bytes 16777216
build-push	Run actions/upload-artifact@v4	2026-10-05T06:25:27.5034444Z Uploaded bytes 21136025
build-push	Run actions/upload-artifact@v4	2026-10-05T06:25:27.5371522Z Finished uploading artifact content to blob storage!
build-push	Run actions/upload-artifact@v4	2026-10-05T06:25:27.5373201Z SHA256 digest of uploaded artifact zip is d2a331082bae6e5dcbe8edc1062a90f2eb517bfbcd4b9644de5c0d421d3ef331
build-push	Run actions/upload-artifact@v4	2026-10-05T06:25:27.5375456Z Finalizing artifact upload
build-push	Run actions/upload-artifact@v4	2026-10-05T06:25:27.7651329Z Artifact container-image.zip successfully finalized. Artifact ID 11327859699
build-push	Run actions/upload-artifact@v4	2026-10-05T06:25:27.7652955Z Artifact container-image has been successfully uploaded! Final size is 21136025 bytes. Artifact ID is 11327859699
build-push	Run actions/upload-artifact@v4	2026-10-05T06:25:27.7659571Z Artifact download URL: https://github.com/rajasurya-rjs/devops-heros/actions/runs/37272214475/artifacts/11327859699
build-push	Run actions/upload-artifact@v4	﻿2026-10-05T06:25:27.7845679Z ##[group]Run actions/upload-artifact@v4
build-push	Run actions/upload-artifact@v4	2026-10-05T06:25:27.7845997Z with:
build-push	Run actions/upload-artifact@v4	2026-10-05T06:25:27.7846219Z   name: image-security-report
build-push	Run actions/upload-artifact@v4	2026-10-05T06:25:27.7846484Z   path: reports/
build-push	Run actions/upload-artifact@v4	2026-10-05T06:25:27.7846714Z   if-no-files-found: warn
build-push	Run actions/upload-artifact@v4	2026-10-05T06:25:27.7846977Z   compression-level: 6
build-push	Run actions/upload-artifact@v4	2026-10-05T06:25:27.7847203Z   overwrite: false
build-push	Run actions/upload-artifact@v4	2026-10-05T06:25:27.7847433Z   include-hidden-files: false
build-push	Run actions/upload-artifact@v4	2026-10-05T06:25:27.7847996Z ##[endgroup]
build-push	Run actions/upload-artifact@v4	2026-10-05T06:25:27.9480750Z (node:4038) [DEP0040] DeprecationWarning: The `punycode` module is deprecated. Please use a userland alternative instead.
build-push	Run actions/upload-artifact@v4	2026-10-05T06:25:27.9481732Z (Use `node --trace-deprecation ...` to show where the warning was created)
build-push	Run actions/upload-artifact@v4	2026-10-05T06:25:27.9568766Z With the provided path, there will be 2 files uploaded
build-push	Run actions/upload-artifact@v4	2026-10-05T06:25:27.9569754Z Artifact name is valid!
build-push	Run actions/upload-artifact@v4	2026-10-05T06:25:27.9570162Z Root directory input is valid!
build-push	Run actions/upload-artifact@v4	2026-10-05T06:25:28.1947901Z Beginning upload of artifact content to blob storage
build-push	Run actions/upload-artifact@v4	2026-10-05T06:25:28.2156512Z (node:4038) [DEP0169] DeprecationWarning: `url.parse()` behavior is not standardized and prone to errors that have security implications. Use the WHATWG URL API instead. CVEs are not issued for `url.parse()` vulnerabilities.
build-push	Run actions/upload-artifact@v4	2026-10-05T06:25:28.3152180Z Uploaded bytes 1541
build-push	Run actions/upload-artifact@v4	2026-10-05T06:25:28.3481600Z Finished uploading artifact content to blob storage!
build-push	Run actions/upload-artifact@v4	2026-10-05T06:25:28.3483256Z SHA256 digest of uploaded artifact zip is 6ecfb288eaf533a0a6101a0152420a67c9dfae93e9be55dc9fe368f13c754797
build-push	Run actions/upload-artifact@v4	2026-10-05T06:25:28.3485061Z Finalizing artifact upload
build-push	Run actions/upload-artifact@v4	2026-10-05T06:25:28.5916189Z Artifact image-security-report.zip successfully finalized. Artifact ID 11328582665
build-push	Run actions/upload-artifact@v4	2026-10-05T06:25:28.5917580Z Artifact image-security-report has been successfully uploaded! Final size is 1541 bytes. Artifact ID is 11328582665
build-push	Run actions/upload-artifact@v4	2026-10-05T06:25:28.5925013Z Artifact download URL: https://github.com/rajasurya-rjs/devops-heros/actions/runs/37272214475/artifacts/11328582665
build-push	Post Run docker/setup-buildx-action@v3	﻿2026-10-05T06:25:28.6086571Z Post job cleanup.
build-push	Post Run docker/setup-buildx-action@v3	2026-10-05T06:25:28.8634120Z ##[group]Removing builder
build-push	Post Run docker/setup-buildx-action@v3	2026-10-05T06:25:28.8641518Z (node:4050) [DEP0040] DeprecationWarning: The `punycode` module is deprecated. Please use a userland alternative instead.
build-push	Post Run docker/setup-buildx-action@v3	2026-10-05T06:25:28.8643259Z (Use `node --trace-deprecation ...` to show where the warning was created)
build-push	Post Run docker/setup-buildx-action@v3	2026-10-05T06:25:28.9999371Z [command]/usr/bin/docker buildx rm builder-36bff64c-c73d-4961-b00f-bf21c03aa8e7
build-push	Post Run docker/setup-buildx-action@v3	2026-10-05T06:25:29.3854283Z builder-36bff64c-c73d-4961-b00f-bf21c03aa8e7 removed
build-push	Post Run docker/setup-buildx-action@v3	2026-10-05T06:25:29.3887333Z ##[endgroup]
build-push	Post Run docker/setup-buildx-action@v3	2026-10-05T06:25:29.3888465Z ##[group]Cleaning up certificates
build-push	Post Run docker/setup-buildx-action@v3	2026-10-05T06:25:29.3891409Z ##[endgroup]
build-push	Post Run docker/setup-buildx-action@v3	2026-10-05T06:25:29.3892256Z ##[group]Post cache
build-push	Post Run docker/setup-buildx-action@v3	2026-10-05T06:25:29.3894027Z State not set
build-push	Post Run docker/setup-buildx-action@v3	2026-10-05T06:25:29.3894954Z ##[endgroup]
build-push	Post Run docker/setup-qemu-action@v3	﻿2026-10-05T06:25:29.4032772Z Post job cleanup.
build-push	Post Run docker/setup-qemu-action@v3	2026-10-05T06:25:29.6372255Z ##[group]Post cache
build-push	Post Run docker/setup-qemu-action@v3	2026-10-05T06:25:29.6374979Z Caching docker.io--tonistiigi--binfmt-latest-linux-x64 to GitHub Actions cache
build-push	Post Run docker/setup-qemu-action@v3	2026-10-05T06:25:29.6395533Z (node:4191) [DEP0040] DeprecationWarning: The `punycode` module is deprecated. Please use a userland alternative instead.
build-push	Post Run docker/setup-qemu-action@v3	2026-10-05T06:25:29.6396815Z (Use `node --trace-deprecation ...` to show where the warning was created)
build-push	Post Run docker/setup-qemu-action@v3	2026-10-05T06:25:29.6582184Z [command]/usr/bin/tar --posix -cf cache.tzst --exclude cache.tzst -P -C /home/runner/work/devops-heros/devops-heros --files-from manifest.txt --use-compress-program zstdmt
build-push	Post Run docker/setup-qemu-action@v3	2026-10-05T06:25:30.1049872Z (node:4191) [DEP0169] DeprecationWarning: `url.parse()` behavior is not standardized and prone to errors that have security implications. Use the WHATWG URL API instead. CVEs are not issued for `url.parse()` vulnerabilities.
build-push	Post Run docker/setup-qemu-action@v3	2026-10-05T06:25:30.8632556Z Sent 32265042 of 32265042 (100.0%), 40.1 MBs/sec
build-push	Post Run docker/setup-qemu-action@v3	2026-10-05T06:25:31.0174153Z ##[endgroup]
build-push	Post Install Trivy	﻿2026-10-05T06:25:31.0404026Z Post job cleanup.
build-push	Post Install Trivy	2026-10-05T06:25:31.0407489Z ##[start-action display=Checkout install script;id=__df9a827d-f87b-4f1d-8be6-0b1f15bb7f9e.__actions_checkout]
build-push	Post Install Trivy	2026-10-05T06:25:31.0453451Z Post job cleanup.
build-push	Post Install Trivy	2026-10-05T06:25:31.1346558Z ##[end-action id=__df9a827d-f87b-4f1d-8be6-0b1f15bb7f9e.__actions_checkout;outcome=success;conclusion=success;duration_ms=93]
build-push	Post Run actions/checkout@v4	﻿2026-10-05T06:25:31.1451882Z Post job cleanup.
build-push	Post Run actions/checkout@v4	2026-10-05T06:25:31.2335399Z [command]/usr/bin/git version
build-push	Post Run actions/checkout@v4	2026-10-05T06:25:31.2380175Z git version 2.55.0
build-push	Post Run actions/checkout@v4	2026-10-05T06:25:31.2421692Z Temporarily overriding HOME='/home/runner/work/_temp/39866394-f69c-475a-8d9c-22ad86bbd894' before making global git config changes
build-push	Post Run actions/checkout@v4	2026-10-05T06:25:31.2423501Z Adding repository directory to the temporary git global config as a safe directory
build-push	Post Run actions/checkout@v4	2026-10-05T06:25:31.2427973Z [command]/usr/bin/git config --global --add safe.directory /home/runner/work/devops-heros/devops-heros
build-push	Post Run actions/checkout@v4	2026-10-05T06:25:31.2468547Z [command]/usr/bin/git config --local --name-only --get-regexp core\.sshCommand
build-push	Post Run actions/checkout@v4	2026-10-05T06:25:31.2522567Z [command]/usr/bin/git submodule foreach --recursive sh -c "git config --local --name-only --get-regexp 'core\.sshCommand' && git config --local --unset-all 'core.sshCommand' || :"
build-push	Post Run actions/checkout@v4	2026-10-05T06:25:31.2772384Z [command]/usr/bin/git config --local --name-only --get-regexp http\.https\:\/\/github\.com\/\.extraheader
build-push	Post Run actions/checkout@v4	2026-10-05T06:25:31.2801162Z http.https://github.com/.extraheader
build-push	Post Run actions/checkout@v4	2026-10-05T06:25:31.2812873Z [command]/usr/bin/git config --local --unset-all http.https://github.com/.extraheader
build-push	Post Run actions/checkout@v4	2026-10-05T06:25:31.2846994Z [command]/usr/bin/git submodule foreach --recursive sh -c "git config --local --name-only --get-regexp 'http\.https\:\/\/github\.com\/\.extraheader' && git config --local --unset-all 'http.https://github.com/.extraheader' || :"
build-push	Post Run actions/checkout@v4	2026-10-05T06:25:31.3101175Z [command]/usr/bin/git config --local --name-only --get-regexp ^includeIf\.gitdir:
build-push	Post Run actions/checkout@v4	2026-10-05T06:25:31.3140386Z [command]/usr/bin/git submodule foreach --recursive git config --local --show-origin --name-only --get-regexp remote.origin.url
build-push	Complete job	﻿2026-10-05T06:25:31.3596274Z Evaluate and set job outputs
build-push	Complete job	2026-10-05T06:25:31.3601966Z Set output 'image'
build-push	Complete job	2026-10-05T06:25:31.3603864Z Cleaning up orphan processes
build-push	Complete job	2026-10-05T06:25:31.3924671Z ##[warning]Node.js 20 is deprecated. The following actions target Node.js 20 but are being forced to run on Node.js 24: actions/checkout@v4, actions/upload-artifact@v4, docker/setup-buildx-action@v3, docker/setup-qemu-action@v3. For more information see: https://github.blog/changelog/2025-09-19-deprecation-of-node-20-on-github-actions-runners/
deploy-kubernetes	Set up job	﻿2026-10-05T06:25:36.9813958Z Current runner version: '2.337.0'
deploy-kubernetes	Set up job	2026-10-05T06:25:36.9840580Z ##[group]Runner Image Provisioner
deploy-kubernetes	Set up job	2026-10-05T06:25:36.9841513Z Hosted Compute Agent
deploy-kubernetes	Set up job	2026-10-05T06:25:36.9842243Z Version: 20260901.588
deploy-kubernetes	Set up job	2026-10-05T06:25:36.9842877Z Commit: f88ec8081b781fac6c440065ac7ff9e710ce3d0b
deploy-kubernetes	Set up job	2026-10-05T06:25:36.9843639Z Build Date: 2026-09-01T19:56:44Z
deploy-kubernetes	Set up job	2026-10-05T06:25:36.9844371Z Worker ID: {ab0176a4-96d8-4151-a3cc-50440334e9cf}
deploy-kubernetes	Set up job	2026-10-05T06:25:36.9845082Z Azure Region: westus2
deploy-kubernetes	Set up job	2026-10-05T06:25:36.9846062Z ##[endgroup]
deploy-kubernetes	Set up job	2026-10-05T06:25:36.9847799Z ##[group]Operating System
deploy-kubernetes	Set up job	2026-10-05T06:25:36.9848527Z Ubuntu
deploy-kubernetes	Set up job	2026-10-05T06:25:36.9849080Z 24.04.5
deploy-kubernetes	Set up job	2026-10-05T06:25:36.9849591Z LTS
deploy-kubernetes	Set up job	2026-10-05T06:25:36.9850185Z ##[endgroup]
deploy-kubernetes	Set up job	2026-10-05T06:25:36.9850834Z ##[group]Runner Image
deploy-kubernetes	Set up job	2026-10-05T06:25:36.9851741Z Image: ubuntu-24.04
deploy-kubernetes	Set up job	2026-10-05T06:25:36.9852412Z Version: 20260927.320.1
deploy-kubernetes	Set up job	2026-10-05T06:25:36.9853476Z Included Software: https://github.com/actions/runner-images/blob/ubuntu24/20260927.320/images/ubuntu/Ubuntu2404-Readme.md
deploy-kubernetes	Set up job	2026-10-05T06:25:36.9855735Z Image Release: https://github.com/actions/runner-images/releases/tag/ubuntu24%2F20260927.320
deploy-kubernetes	Set up job	2026-10-05T06:25:36.9856767Z ##[endgroup]
deploy-kubernetes	Set up job	2026-10-05T06:25:36.9857996Z ##[group]GITHUB_TOKEN Permissions
deploy-kubernetes	Set up job	2026-10-05T06:25:36.9860175Z Contents: read
deploy-kubernetes	Set up job	2026-10-05T06:25:36.9860965Z Metadata: read
deploy-kubernetes	Set up job	2026-10-05T06:25:36.9861532Z ##[endgroup]
deploy-kubernetes	Set up job	2026-10-05T06:25:36.9863698Z Secret source: Actions
deploy-kubernetes	Set up job	2026-10-05T06:25:36.9864764Z Cache mode: write
deploy-kubernetes	Set up job	2026-10-05T06:25:36.9865722Z Prepare workflow directory
deploy-kubernetes	Set up job	2026-10-05T06:25:37.0223081Z Prepare all required actions
deploy-kubernetes	Set up job	2026-10-05T06:25:37.0297276Z Getting action download info
deploy-kubernetes	Set up job	2026-10-05T06:25:37.4432403Z Download action repository 'actions/checkout@v4' (SHA:11d5960a326750d5838078e36cf38b85af677262)
deploy-kubernetes	Set up job	2026-10-05T06:25:37.5370446Z Download action repository 'actions/download-artifact@v4' (SHA:d3f86a106a0bac45b974a628896c90dbdf5c8093)
deploy-kubernetes	Set up job	2026-10-05T06:25:37.7535530Z Download action repository 'helm/kind-action@v1.12.0' (SHA:a1b0e391336a6ee6713a0583f8c6240d70863de3)
deploy-kubernetes	Set up job	2026-10-05T06:25:37.9104039Z Download action repository 'azure/setup-helm@v4' (SHA:1a275c3b69536ee54be43f2070a358922e12c8d4)
deploy-kubernetes	Set up job	2026-10-05T06:25:38.0861335Z Download action repository 'actions/upload-artifact@v4' (SHA:ea165f8d65b6e75b540449e92b4886f43607fa02)
deploy-kubernetes	Set up job	2026-10-05T06:25:38.3067164Z Complete job name: deploy-kubernetes
deploy-kubernetes	Run actions/checkout@v4	﻿2026-10-05T06:25:38.3924646Z ##[group]Run actions/checkout@v4
deploy-kubernetes	Run actions/checkout@v4	2026-10-05T06:25:38.3925992Z with:
deploy-kubernetes	Run actions/checkout@v4	2026-10-05T06:25:38.3926543Z   repository: rajasurya-rjs/devops-heros
deploy-kubernetes	Run actions/checkout@v4	2026-10-05T06:25:38.3931223Z   token: ***
deploy-kubernetes	Run actions/checkout@v4	2026-10-05T06:25:38.3931715Z   ssh-strict: true
deploy-kubernetes	Run actions/checkout@v4	2026-10-05T06:25:38.3932215Z   ssh-user: git
deploy-kubernetes	Run actions/checkout@v4	2026-10-05T06:25:38.3932712Z   persist-credentials: true
deploy-kubernetes	Run actions/checkout@v4	2026-10-05T06:25:38.3933280Z   clean: true
deploy-kubernetes	Run actions/checkout@v4	2026-10-05T06:25:38.3933798Z   sparse-checkout-cone-mode: true
deploy-kubernetes	Run actions/checkout@v4	2026-10-05T06:25:38.3934412Z   fetch-depth: 1
deploy-kubernetes	Run actions/checkout@v4	2026-10-05T06:25:38.3934902Z   fetch-tags: false
deploy-kubernetes	Run actions/checkout@v4	2026-10-05T06:25:38.3935590Z   show-progress: true
deploy-kubernetes	Run actions/checkout@v4	2026-10-05T06:25:38.3936134Z   lfs: false
deploy-kubernetes	Run actions/checkout@v4	2026-10-05T06:25:38.3936608Z   submodules: false
deploy-kubernetes	Run actions/checkout@v4	2026-10-05T06:25:38.3937155Z   set-safe-directory: true
deploy-kubernetes	Run actions/checkout@v4	2026-10-05T06:25:38.3937743Z   allow-unsafe-pr-checkout: false
deploy-kubernetes	Run actions/checkout@v4	2026-10-05T06:25:38.3938628Z ##[endgroup]
deploy-kubernetes	Run actions/checkout@v4	2026-10-05T06:25:38.4949807Z Syncing repository: rajasurya-rjs/devops-heros
deploy-kubernetes	Run actions/checkout@v4	2026-10-05T06:25:38.4951931Z ##[group]Getting Git version info
deploy-kubernetes	Run actions/checkout@v4	2026-10-05T06:25:38.4953347Z Working directory is '/home/runner/work/devops-heros/devops-heros'
deploy-kubernetes	Run actions/checkout@v4	2026-10-05T06:25:38.4955746Z [command]/usr/bin/git version
deploy-kubernetes	Run actions/checkout@v4	2026-10-05T06:25:38.5029294Z git version 2.55.0
deploy-kubernetes	Run actions/checkout@v4	2026-10-05T06:25:38.5054164Z ##[endgroup]
deploy-kubernetes	Run actions/checkout@v4	2026-10-05T06:25:38.5078996Z Temporarily overriding HOME='/home/runner/work/_temp/07a7928a-8eee-475c-acdb-d40b857c0483' before making global git config changes
deploy-kubernetes	Run actions/checkout@v4	2026-10-05T06:25:38.5081494Z Adding repository directory to the temporary git global config as a safe directory
deploy-kubernetes	Run actions/checkout@v4	2026-10-05T06:25:38.5086329Z [command]/usr/bin/git config --global --add safe.directory /home/runner/work/devops-heros/devops-heros
deploy-kubernetes	Run actions/checkout@v4	2026-10-05T06:25:38.5138635Z Deleting the contents of '/home/runner/work/devops-heros/devops-heros'
deploy-kubernetes	Run actions/checkout@v4	2026-10-05T06:25:38.5149329Z ##[group]Initializing the repository
deploy-kubernetes	Run actions/checkout@v4	2026-10-05T06:25:38.5157936Z [command]/usr/bin/git init /home/runner/work/devops-heros/devops-heros
deploy-kubernetes	Run actions/checkout@v4	2026-10-05T06:25:38.5294665Z hint: Using 'master' as the name for the initial branch. This default branch name
deploy-kubernetes	Run actions/checkout@v4	2026-10-05T06:25:38.5297562Z hint: will change to "main" in Git 3.0. To configure the initial branch name
deploy-kubernetes	Run actions/checkout@v4	2026-10-05T06:25:38.5299717Z hint: to use in all of your new repositories, which will suppress this warning,
deploy-kubernetes	Run actions/checkout@v4	2026-10-05T06:25:38.5301527Z hint: call:
deploy-kubernetes	Run actions/checkout@v4	2026-10-05T06:25:38.5311922Z hint:
deploy-kubernetes	Run actions/checkout@v4	2026-10-05T06:25:38.5316508Z hint: 	git config --global init.defaultBranch <name>
deploy-kubernetes	Run actions/checkout@v4	2026-10-05T06:25:38.5317861Z hint:
deploy-kubernetes	Run actions/checkout@v4	2026-10-05T06:25:38.5319288Z hint: Names commonly chosen instead of 'master' are 'main', 'trunk' and
deploy-kubernetes	Run actions/checkout@v4	2026-10-05T06:25:38.5321221Z hint: 'development'. The just-created branch can be renamed via this command:
deploy-kubernetes	Run actions/checkout@v4	2026-10-05T06:25:38.5322718Z hint:
deploy-kubernetes	Run actions/checkout@v4	2026-10-05T06:25:38.5323474Z hint: 	git branch -m <name>
deploy-kubernetes	Run actions/checkout@v4	2026-10-05T06:25:38.5324438Z hint:
deploy-kubernetes	Run actions/checkout@v4	2026-10-05T06:25:38.5326144Z hint: Disable this message with "git config set advice.defaultBranchName false"
deploy-kubernetes	Run actions/checkout@v4	2026-10-05T06:25:38.5328495Z Initialized empty Git repository in /home/runner/work/devops-heros/devops-heros/.git/
deploy-kubernetes	Run actions/checkout@v4	2026-10-05T06:25:38.5332005Z [command]/usr/bin/git remote add origin https://github.com/rajasurya-rjs/devops-heros
deploy-kubernetes	Run actions/checkout@v4	2026-10-05T06:25:38.5361878Z ##[endgroup]
deploy-kubernetes	Run actions/checkout@v4	2026-10-05T06:25:38.5363465Z ##[group]Disabling automatic garbage collection
deploy-kubernetes	Run actions/checkout@v4	2026-10-05T06:25:38.5364901Z [command]/usr/bin/git config --local gc.auto 0
deploy-kubernetes	Run actions/checkout@v4	2026-10-05T06:25:38.5398194Z ##[endgroup]
deploy-kubernetes	Run actions/checkout@v4	2026-10-05T06:25:38.5399648Z ##[group]Setting up auth
deploy-kubernetes	Run actions/checkout@v4	2026-10-05T06:25:38.5404522Z [command]/usr/bin/git config --local --name-only --get-regexp core\.sshCommand
deploy-kubernetes	Run actions/checkout@v4	2026-10-05T06:25:38.5440132Z [command]/usr/bin/git submodule foreach --recursive sh -c "git config --local --name-only --get-regexp 'core\.sshCommand' && git config --local --unset-all 'core.sshCommand' || :"
deploy-kubernetes	Run actions/checkout@v4	2026-10-05T06:25:38.5802943Z [command]/usr/bin/git config --local --name-only --get-regexp http\.https\:\/\/github\.com\/\.extraheader
deploy-kubernetes	Run actions/checkout@v4	2026-10-05T06:25:38.5844381Z [command]/usr/bin/git submodule foreach --recursive sh -c "git config --local --name-only --get-regexp 'http\.https\:\/\/github\.com\/\.extraheader' && git config --local --unset-all 'http.https://github.com/.extraheader' || :"
deploy-kubernetes	Run actions/checkout@v4	2026-10-05T06:25:38.6086961Z [command]/usr/bin/git config --local --name-only --get-regexp ^includeIf\.gitdir:
deploy-kubernetes	Run actions/checkout@v4	2026-10-05T06:25:38.6123856Z [command]/usr/bin/git submodule foreach --recursive git config --local --show-origin --name-only --get-regexp remote.origin.url
deploy-kubernetes	Run actions/checkout@v4	2026-10-05T06:25:38.6350555Z [command]/usr/bin/git config --local http.https://github.com/.extraheader AUTHORIZATION: basic ***
deploy-kubernetes	Run actions/checkout@v4	2026-10-05T06:25:38.6391481Z ##[endgroup]
deploy-kubernetes	Run actions/checkout@v4	2026-10-05T06:25:38.6392450Z ##[group]Fetching the repository
deploy-kubernetes	Run actions/checkout@v4	2026-10-05T06:25:38.6401398Z [command]/usr/bin/git -c protocol.version=2 fetch --no-tags --prune --no-recurse-submodules --depth=1 origin +e1b3f65fc09b6226b28141fc6748c03ceda87c93:refs/remotes/origin/main
deploy-kubernetes	Run actions/checkout@v4	2026-10-05T06:25:39.4544505Z From https://github.com/rajasurya-rjs/devops-heros
deploy-kubernetes	Run actions/checkout@v4	2026-10-05T06:25:39.4557097Z  * [new ref]         e1b3f65fc09b6226b28141fc6748c03ceda87c93 -> origin/main
deploy-kubernetes	Run actions/checkout@v4	2026-10-05T06:25:39.4562428Z ##[endgroup]
deploy-kubernetes	Run actions/checkout@v4	2026-10-05T06:25:39.4564444Z ##[group]Determining the checkout info
deploy-kubernetes	Run actions/checkout@v4	2026-10-05T06:25:39.4566968Z ##[endgroup]
deploy-kubernetes	Run actions/checkout@v4	2026-10-05T06:25:39.4568364Z [command]/usr/bin/git sparse-checkout disable
deploy-kubernetes	Run actions/checkout@v4	2026-10-05T06:25:39.4634171Z [command]/usr/bin/git config --local --unset-all extensions.worktreeConfig
deploy-kubernetes	Run actions/checkout@v4	2026-10-05T06:25:39.4667330Z ##[group]Checking out the ref
deploy-kubernetes	Run actions/checkout@v4	2026-10-05T06:25:39.4679012Z [command]/usr/bin/git checkout --progress --force -B main refs/remotes/origin/main
deploy-kubernetes	Run actions/checkout@v4	2026-10-05T06:25:39.6768899Z Switched to a new branch 'main'
deploy-kubernetes	Run actions/checkout@v4	2026-10-05T06:25:39.6773366Z branch 'main' set up to track 'origin/main'.
deploy-kubernetes	Run actions/checkout@v4	2026-10-05T06:25:39.6791532Z ##[endgroup]
deploy-kubernetes	Run actions/checkout@v4	2026-10-05T06:25:39.6840692Z [command]/usr/bin/git log -1 --format=%H
deploy-kubernetes	Run actions/checkout@v4	2026-10-05T06:25:39.6869237Z e1b3f65fc09b6226b28141fc6748c03ceda87c93
deploy-kubernetes	Run actions/download-artifact@v4	﻿2026-10-05T06:25:39.7195054Z ##[group]Run actions/download-artifact@v4
deploy-kubernetes	Run actions/download-artifact@v4	2026-10-05T06:25:39.7196599Z with:
deploy-kubernetes	Run actions/download-artifact@v4	2026-10-05T06:25:39.7197507Z   name: container-image
deploy-kubernetes	Run actions/download-artifact@v4	2026-10-05T06:25:39.7198557Z   path: /tmp
deploy-kubernetes	Run actions/download-artifact@v4	2026-10-05T06:25:39.7199463Z   merge-multiple: false
deploy-kubernetes	Run actions/download-artifact@v4	2026-10-05T06:25:39.7200551Z   repository: rajasurya-rjs/devops-heros
deploy-kubernetes	Run actions/download-artifact@v4	2026-10-05T06:25:39.7201750Z   run-id: 37272214475
deploy-kubernetes	Run actions/download-artifact@v4	2026-10-05T06:25:39.7202705Z ##[endgroup]
deploy-kubernetes	Run actions/download-artifact@v4	2026-10-05T06:25:39.8747396Z Downloading single artifact
deploy-kubernetes	Run actions/download-artifact@v4	2026-10-05T06:25:39.8919120Z (node:2338) [DEP0040] DeprecationWarning: The `punycode` module is deprecated. Please use a userland alternative instead.
deploy-kubernetes	Run actions/download-artifact@v4	2026-10-05T06:25:39.8932750Z (Use `node --trace-deprecation ...` to show where the warning was created)
deploy-kubernetes	Run actions/download-artifact@v4	2026-10-05T06:25:40.1556384Z Preparing to download the following artifacts:
deploy-kubernetes	Run actions/download-artifact@v4	2026-10-05T06:25:40.1561030Z - container-image (ID: 11327859699, Size: 21136025, Expected Digest: sha256:d2a331082bae6e5dcbe8edc1062a90f2eb517bfbcd4b9644de5c0d421d3ef331)
deploy-kubernetes	Run actions/download-artifact@v4	2026-10-05T06:25:40.4127726Z Redirecting to blob download url: https://productionresultssa17.blob.core.windows.net/actions-results/94842fc2-cf18-8a09-9318-784e87984ece/workflow-job-run-49c855af-fb5b-520e-baac-1194c9c4ce53/artifacts/2ec6ba5d5fafce5fe95b5f7b03e5a4ebcb5a1ce1017d9a1803df7f76a31adcf3.zip
deploy-kubernetes	Run actions/download-artifact@v4	2026-10-05T06:25:40.4137185Z Starting download of artifact to: /tmp
deploy-kubernetes	Run actions/download-artifact@v4	2026-10-05T06:25:40.7233456Z (node:2338) [DEP0005] DeprecationWarning: Buffer() is deprecated due to security and usability issues. Please use the Buffer.alloc(), Buffer.allocUnsafe(), or Buffer.from() methods instead.
deploy-kubernetes	Run actions/download-artifact@v4	2026-10-05T06:25:42.4039225Z SHA256 digest of downloaded artifact is d2a331082bae6e5dcbe8edc1062a90f2eb517bfbcd4b9644de5c0d421d3ef331
deploy-kubernetes	Run actions/download-artifact@v4	2026-10-05T06:25:42.4040565Z Artifact download completed successfully.
deploy-kubernetes	Run actions/download-artifact@v4	2026-10-05T06:25:42.4041151Z Total of 1 artifact(s) downloaded
deploy-kubernetes	Run actions/download-artifact@v4	2026-10-05T06:25:42.4045201Z Download artifact has finished successfully
deploy-kubernetes	Create isolated CI Kubernetes cluster	﻿2026-10-05T06:25:42.4249021Z ##[group]Run helm/kind-action@v1.12.0
deploy-kubernetes	Create isolated CI Kubernetes cluster	2026-10-05T06:25:42.4249349Z with:
deploy-kubernetes	Create isolated CI Kubernetes cluster	2026-10-05T06:25:42.4249562Z   cluster_name: homework-ci
deploy-kubernetes	Create isolated CI Kubernetes cluster	2026-10-05T06:25:42.4249823Z   version: v0.26.0
deploy-kubernetes	Create isolated CI Kubernetes cluster	2026-10-05T06:25:42.4250036Z   wait: 60s
deploy-kubernetes	Create isolated CI Kubernetes cluster	2026-10-05T06:25:42.4250234Z   verbosity: 0
deploy-kubernetes	Create isolated CI Kubernetes cluster	2026-10-05T06:25:42.4250447Z   kubectl_version: v1.31.4
deploy-kubernetes	Create isolated CI Kubernetes cluster	2026-10-05T06:25:42.4250689Z   registry: false
deploy-kubernetes	Create isolated CI Kubernetes cluster	2026-10-05T06:25:42.4250909Z   registry_image: registry:2
deploy-kubernetes	Create isolated CI Kubernetes cluster	2026-10-05T06:25:42.4251168Z   registry_name: kind-registry
deploy-kubernetes	Create isolated CI Kubernetes cluster	2026-10-05T06:25:42.4251443Z   registry_port: 5000
deploy-kubernetes	Create isolated CI Kubernetes cluster	2026-10-05T06:25:42.4251674Z   registry_enable_delete: false
deploy-kubernetes	Create isolated CI Kubernetes cluster	2026-10-05T06:25:42.4251941Z   ignore_failed_clean: false
deploy-kubernetes	Create isolated CI Kubernetes cluster	2026-10-05T06:25:42.4252185Z ##[endgroup]
deploy-kubernetes	Create isolated CI Kubernetes cluster	2026-10-05T06:25:42.4610101Z Installing kind...
deploy-kubernetes	Create isolated CI Kubernetes cluster	2026-10-05T06:25:42.4624836Z /opt/hostedtoolcache/kind/v0.26.0/amd64/kind/bin ~/work/devops-heros/devops-heros
deploy-kubernetes	Create isolated CI Kubernetes cluster	2026-10-05T06:25:42.9751781Z kind-linux-amd64: OK
deploy-kubernetes	Create isolated CI Kubernetes cluster	2026-10-05T06:25:42.9790311Z ~/work/devops-heros/devops-heros
deploy-kubernetes	Create isolated CI Kubernetes cluster	2026-10-05T06:25:42.9790883Z Adding kind directory to PATH...
deploy-kubernetes	Create isolated CI Kubernetes cluster	2026-10-05T06:25:42.9791427Z Installing kubectl...
deploy-kubernetes	Create isolated CI Kubernetes cluster	2026-10-05T06:25:43.2563463Z Adding kubectl directory to PATH...
deploy-kubernetes	Create isolated CI Kubernetes cluster	2026-10-05T06:25:43.2585193Z kind v0.26.0 go1.23.4 linux/amd64
deploy-kubernetes	Create isolated CI Kubernetes cluster	2026-10-05T06:25:43.3077468Z Client Version: v1.31.4
deploy-kubernetes	Create isolated CI Kubernetes cluster	2026-10-05T06:25:43.3077881Z Kustomize Version: v5.4.2
deploy-kubernetes	Create isolated CI Kubernetes cluster	2026-10-05T06:25:43.3096635Z Creating kind cluster...
deploy-kubernetes	Create isolated CI Kubernetes cluster	2026-10-05T06:25:46.0754380Z Creating cluster "homework-ci" ...
deploy-kubernetes	Create isolated CI Kubernetes cluster	2026-10-05T06:25:46.0755396Z  • Ensuring node image (kindest/node:v1.32.0) 🖼  ...
deploy-kubernetes	Create isolated CI Kubernetes cluster	2026-10-05T06:25:56.1710673Z  ✓ Ensuring node image (kindest/node:v1.32.0) 🖼
deploy-kubernetes	Create isolated CI Kubernetes cluster	2026-10-05T06:25:56.1711515Z  • Preparing nodes 📦   ...
deploy-kubernetes	Create isolated CI Kubernetes cluster	2026-10-05T06:25:58.1951318Z  ✓ Preparing nodes 📦 
deploy-kubernetes	Create isolated CI Kubernetes cluster	2026-10-05T06:25:58.2227316Z  • Writing configuration 📜  ...
deploy-kubernetes	Create isolated CI Kubernetes cluster	2026-10-05T06:25:58.4130764Z  ✓ Writing configuration 📜
deploy-kubernetes	Create isolated CI Kubernetes cluster	2026-10-05T06:25:58.4131470Z  • Starting control-plane 🕹️  ...
deploy-kubernetes	Create isolated CI Kubernetes cluster	2026-10-05T06:26:08.2273671Z  ✓ Starting control-plane 🕹️
deploy-kubernetes	Create isolated CI Kubernetes cluster	2026-10-05T06:26:08.2274345Z  • Installing CNI 🔌  ...
deploy-kubernetes	Create isolated CI Kubernetes cluster	2026-10-05T06:26:08.5159675Z  ✓ Installing CNI 🔌
deploy-kubernetes	Create isolated CI Kubernetes cluster	2026-10-05T06:26:08.5160397Z  • Installing StorageClass 💾  ...
deploy-kubernetes	Create isolated CI Kubernetes cluster	2026-10-05T06:26:08.8638990Z  ✓ Installing StorageClass 💾
deploy-kubernetes	Create isolated CI Kubernetes cluster	2026-10-05T06:26:08.8964925Z  • Waiting ≤ 1m0s for control-plane = Ready ⏳  ...
deploy-kubernetes	Create isolated CI Kubernetes cluster	2026-10-05T06:26:26.9750168Z  ✓ Waiting ≤ 1m0s for control-plane = Ready ⏳
deploy-kubernetes	Create isolated CI Kubernetes cluster	2026-10-05T06:26:26.9751562Z  • Ready after 18s 💚
deploy-kubernetes	Create isolated CI Kubernetes cluster	2026-10-05T06:26:27.1166285Z Set kubectl context to "kind-homework-ci"
deploy-kubernetes	Create isolated CI Kubernetes cluster	2026-10-05T06:26:27.1172657Z You can now use your cluster with:
deploy-kubernetes	Create isolated CI Kubernetes cluster	2026-10-05T06:26:27.1172902Z 
deploy-kubernetes	Create isolated CI Kubernetes cluster	2026-10-05T06:26:27.1173058Z kubectl cluster-info --context kind-homework-ci
deploy-kubernetes	Create isolated CI Kubernetes cluster	2026-10-05T06:26:27.1173295Z 
deploy-kubernetes	Create isolated CI Kubernetes cluster	2026-10-05T06:26:27.1173619Z Have a nice day! 👋
deploy-kubernetes	Run azure/setup-helm@v4	﻿2026-10-05T06:26:27.1280997Z ##[group]Run azure/setup-helm@v4
deploy-kubernetes	Run azure/setup-helm@v4	2026-10-05T06:26:27.1281303Z with:
deploy-kubernetes	Run azure/setup-helm@v4	2026-10-05T06:26:27.1281504Z   version: v3.22.0
deploy-kubernetes	Run azure/setup-helm@v4	2026-10-05T06:26:27.1283837Z   token: ***
deploy-kubernetes	Run azure/setup-helm@v4	2026-10-05T06:26:27.1284091Z   downloadBaseURL: https://get.helm.sh
deploy-kubernetes	Run azure/setup-helm@v4	2026-10-05T06:26:27.1284375Z ##[endgroup]
deploy-kubernetes	Run azure/setup-helm@v4	2026-10-05T06:26:27.1952782Z ##[group]Installing v3.22.0
deploy-kubernetes	Run azure/setup-helm@v4	2026-10-05T06:26:27.1963506Z Downloading 'v3.22.0' from 'https://get.helm.sh'
deploy-kubernetes	Run azure/setup-helm@v4	2026-10-05T06:26:27.4863889Z [command]/usr/bin/tar xz --warning=no-unknown-keyword --overwrite -C /home/runner/work/_temp/8597a1db-7f11-4f76-a35e-21f875353764 -f /home/runner/work/_temp/56b89d98-35fe-4d22-98fe-92c406dd1d83
deploy-kubernetes	Run azure/setup-helm@v4	2026-10-05T06:26:28.0636549Z ##[endgroup]
deploy-kubernetes	Run azure/setup-helm@v4	2026-10-05T06:26:28.0638480Z Helm tool version 'v3.22.0' has been cached at /opt/hostedtoolcache/helm/3.22.0/x64/linux-amd64/helm
deploy-kubernetes	Load tested image	﻿2026-10-05T06:26:28.0854665Z ##[group]Run docker load -i /tmp/ops-notes.tar
deploy-kubernetes	Load tested image	2026-10-05T06:26:28.0855638Z [36;1mdocker load -i /tmp/ops-notes.tar[0m
deploy-kubernetes	Load tested image	2026-10-05T06:26:28.0856730Z [36;1mkind load docker-image 'ghcr.io/rajasurya-rjs/devops-heros/ops-notes:e1b3f65fc09b6226b28141fc6748c03ceda87c93' --name homework-ci[0m
deploy-kubernetes	Load tested image	2026-10-05T06:26:28.1276461Z shell: /usr/bin/bash -e {0}
deploy-kubernetes	Load tested image	2026-10-05T06:26:28.1276919Z ##[endgroup]
deploy-kubernetes	Load tested image	2026-10-05T06:26:30.3131709Z Loaded image: ghcr.io/rajasurya-rjs/devops-heros/ops-notes:e1b3f65fc09b6226b28141fc6748c03ceda87c93
deploy-kubernetes	Load tested image	2026-10-05T06:26:30.4947289Z Image: "ghcr.io/rajasurya-rjs/devops-heros/ops-notes:e1b3f65fc09b6226b28141fc6748c03ceda87c93" with ID "sha256:9c59f2498eb137211e186f5912ecb429acc1ca6469aac2042f61f594e1fcac50" not yet present on node "homework-ci-control-plane", loading...
deploy-kubernetes	Deploy Helm chart	﻿2026-10-05T06:26:32.2400936Z ##[group]Run kubectl create namespace final-homework
deploy-kubernetes	Deploy Helm chart	2026-10-05T06:26:32.2401393Z [36;1mkubectl create namespace final-homework[0m
deploy-kubernetes	Deploy Helm chart	2026-10-05T06:26:32.2401715Z [36;1msecret_file=$(mktemp)[0m
deploy-kubernetes	Deploy Helm chart	2026-10-05T06:26:32.2401992Z [36;1mtrap 'rm -f "$secret_file"' EXIT[0m
deploy-kubernetes	Deploy Helm chart	2026-10-05T06:26:32.2402310Z [36;1mopenssl rand -hex 24 > "$secret_file"[0m
deploy-kubernetes	Deploy Helm chart	2026-10-05T06:26:32.2402831Z [36;1mkubectl create secret generic app-credentials -n final-homework --from-file=token="$secret_file"[0m
deploy-kubernetes	Deploy Helm chart	2026-10-05T06:26:32.2403531Z [36;1mhelm upgrade --install ops-notes final-devops-project/helm/ops-notes -n final-homework \[0m
deploy-kubernetes	Deploy Helm chart	2026-10-05T06:26:32.2404386Z [36;1m  --set image.repository="${IMAGE%:*}" --set image.tag="${IMAGE##*:}" \[0m
deploy-kubernetes	Deploy Helm chart	2026-10-05T06:26:32.2405010Z [36;1m  --set ingress.enabled=false --set hpa.enabled=false --wait --timeout 180s[0m
deploy-kubernetes	Deploy Helm chart	2026-10-05T06:26:32.2469205Z shell: /usr/bin/bash -e {0}
deploy-kubernetes	Deploy Helm chart	2026-10-05T06:26:32.2469488Z env:
deploy-kubernetes	Deploy Helm chart	2026-10-05T06:26:32.2469882Z   IMAGE: ghcr.io/rajasurya-rjs/devops-heros/ops-notes:e1b3f65fc09b6226b28141fc6748c03ceda87c93
deploy-kubernetes	Deploy Helm chart	2026-10-05T06:26:32.2470383Z ##[endgroup]
deploy-kubernetes	Deploy Helm chart	2026-10-05T06:26:32.3058867Z namespace/final-homework created
deploy-kubernetes	Deploy Helm chart	2026-10-05T06:26:32.3588811Z secret/app-credentials created
deploy-kubernetes	Deploy Helm chart	2026-10-05T06:26:32.4003311Z Release "ops-notes" does not exist. Installing it now.
deploy-kubernetes	Deploy Helm chart	2026-10-05T06:26:38.6053340Z NAME: ops-notes
deploy-kubernetes	Deploy Helm chart	2026-10-05T06:26:38.6054005Z LAST DEPLOYED: Mon Oct  5 06:26:32 2026
deploy-kubernetes	Deploy Helm chart	2026-10-05T06:26:38.6054928Z NAMESPACE: final-homework
deploy-kubernetes	Deploy Helm chart	2026-10-05T06:26:38.6055681Z STATUS: deployed
deploy-kubernetes	Deploy Helm chart	2026-10-05T06:26:38.6056038Z REVISION: 1
deploy-kubernetes	Deploy Helm chart	2026-10-05T06:26:38.6056341Z TEST SUITE: None
deploy-kubernetes	Verify deployment and API	﻿2026-10-05T06:26:38.6115891Z ##[group]Run set -o pipefail
deploy-kubernetes	Verify deployment and API	2026-10-05T06:26:38.6116246Z [36;1mset -o pipefail[0m
deploy-kubernetes	Verify deployment and API	2026-10-05T06:26:38.6116501Z [36;1mmkdir -p reports[0m
deploy-kubernetes	Verify deployment and API	2026-10-05T06:26:38.6116878Z [36;1mkubectl get pods,svc,pvc -n final-homework | tee reports/deployment.txt[0m
deploy-kubernetes	Verify deployment and API	2026-10-05T06:26:38.6117582Z [36;1mhelm list -n final-homework | tee -a reports/deployment.txt[0m
deploy-kubernetes	Verify deployment and API	2026-10-05T06:26:38.6118185Z [36;1mkubectl port-forward -n final-homework svc/ops-notes 18080:8080 >/tmp/port-forward.log 2>&1 &[0m
deploy-kubernetes	Verify deployment and API	2026-10-05T06:26:38.6118685Z [36;1mfor attempt in $(seq 1 30); do[0m
deploy-kubernetes	Verify deployment and API	2026-10-05T06:26:38.6119054Z [36;1m  if curl -fsS http://127.0.0.1:18080/health; then break; fi[0m
deploy-kubernetes	Verify deployment and API	2026-10-05T06:26:38.6119415Z [36;1m  sleep 1[0m
deploy-kubernetes	Verify deployment and API	2026-10-05T06:26:38.6119629Z [36;1mdone[0m
deploy-kubernetes	Verify deployment and API	2026-10-05T06:26:38.6119960Z [36;1mcurl -fsS http://127.0.0.1:18080/health | tee -a reports/deployment.txt[0m
deploy-kubernetes	Verify deployment and API	2026-10-05T06:26:38.6120787Z [36;1mcurl -fsS -X POST -H 'Content-Type: application/json' -d '{"text":"Verified by GitHub Actions"}' http://127.0.0.1:18080/api/notes | tee -a reports/deployment.txt[0m
deploy-kubernetes	Verify deployment and API	2026-10-05T06:26:38.6121681Z [36;1mcurl -fsS http://127.0.0.1:18080/api/notes | tee -a reports/deployment.txt[0m
deploy-kubernetes	Verify deployment and API	2026-10-05T06:26:38.6122246Z [36;1mcurl -fsS http://127.0.0.1:18080/metrics | tee -a reports/deployment.txt[0m
deploy-kubernetes	Verify deployment and API	2026-10-05T06:26:38.6185603Z shell: /usr/bin/bash -e {0}
deploy-kubernetes	Verify deployment and API	2026-10-05T06:26:38.6185877Z ##[endgroup]
deploy-kubernetes	Verify deployment and API	2026-10-05T06:26:38.6891064Z NAME                            READY   STATUS    RESTARTS   AGE
deploy-kubernetes	Verify deployment and API	2026-10-05T06:26:38.6891851Z pod/ops-notes-7897cc748-gpz9f   1/1     Running   0          6s
deploy-kubernetes	Verify deployment and API	2026-10-05T06:26:38.6892318Z pod/ops-notes-7897cc748-mznd4   1/1     Running   0          6s
deploy-kubernetes	Verify deployment and API	2026-10-05T06:26:38.6892593Z 
deploy-kubernetes	Verify deployment and API	2026-10-05T06:26:38.6892805Z NAME                TYPE        CLUSTER-IP      EXTERNAL-IP   PORT(S)    AGE
deploy-kubernetes	Verify deployment and API	2026-10-05T06:26:38.6893270Z service/ops-notes   ClusterIP   10.96.130.216   <none>        8080/TCP   6s
deploy-kubernetes	Verify deployment and API	2026-10-05T06:26:38.6894238Z 
deploy-kubernetes	Verify deployment and API	2026-10-05T06:26:38.6894829Z NAME                                   STATUS   VOLUME                                     CAPACITY   ACCESS MODES   STORAGECLASS   VOLUMEATTRIBUTESCLASS   AGE
deploy-kubernetes	Verify deployment and API	2026-10-05T06:26:38.6896600Z persistentvolumeclaim/ops-notes-data   Bound    pvc-3c50e37f-504d-4dd5-b735-387fc7b97cbc   256Mi      RWO            standard       <unset>                 6s
deploy-kubernetes	Verify deployment and API	2026-10-05T06:26:38.7322969Z NAME     	NAMESPACE     	REVISION	UPDATED                                	STATUS  	CHART          	APP VERSION
deploy-kubernetes	Verify deployment and API	2026-10-05T06:26:38.7330643Z ops-notes	final-homework	1       	2026-10-05 06:26:32.410921255 +0000 UTC	deployed	ops-notes-0.1.0	v1         
deploy-kubernetes	Verify deployment and API	2026-10-05T06:26:38.7514996Z curl: (7) Failed to connect to 127.0.0.1 port 18080 after 0 ms: Couldn't connect to server
deploy-kubernetes	Verify deployment and API	2026-10-05T06:26:39.8005460Z {"status": "ok", "version": "v1"}{"status": "ok", "version": "v1"}{"id": 1, "text": "Verified by GitHub Actions"}[{"id": 1, "text": "Verified by GitHub Actions"}]# HELP ops_requests_total HTTP responses served.
deploy-kubernetes	Verify deployment and API	2026-10-05T06:26:39.8007015Z # TYPE ops_requests_total counter
deploy-kubernetes	Verify deployment and API	2026-10-05T06:26:39.8009632Z ops_requests_total 6
deploy-kubernetes	Verify deployment and API	2026-10-05T06:26:39.8010638Z # HELP ops_errors_total HTTP error responses.
deploy-kubernetes	Verify deployment and API	2026-10-05T06:26:39.8011385Z # TYPE ops_errors_total counter
deploy-kubernetes	Verify deployment and API	2026-10-05T06:26:39.8011945Z ops_errors_total 0
deploy-kubernetes	Verify deployment and API	2026-10-05T06:26:39.8012482Z # TYPE ops_uptime_seconds gauge
deploy-kubernetes	Verify deployment and API	2026-10-05T06:26:39.8013177Z ops_uptime_seconds 3.375
deploy-kubernetes	Verify deployment and API	2026-10-05T06:26:39.8013844Z # TYPE ops_cpu_seconds_total counter
deploy-kubernetes	Verify deployment and API	2026-10-05T06:26:39.8014451Z ops_cpu_seconds_total 0.107891
deploy-kubernetes	Verify deployment and API	2026-10-05T06:26:39.8014892Z # TYPE ops_memory_maxrss gauge
deploy-kubernetes	Verify deployment and API	2026-10-05T06:26:39.8015626Z ops_memory_maxrss 19556
deploy-kubernetes	Run actions/upload-artifact@v4	﻿2026-10-05T06:26:39.8069150Z ##[group]Run actions/upload-artifact@v4
deploy-kubernetes	Run actions/upload-artifact@v4	2026-10-05T06:26:39.8069465Z with:
deploy-kubernetes	Run actions/upload-artifact@v4	2026-10-05T06:26:39.8069697Z   name: kubernetes-deployment-report
deploy-kubernetes	Run actions/upload-artifact@v4	2026-10-05T06:26:39.8069974Z   path: reports/
deploy-kubernetes	Run actions/upload-artifact@v4	2026-10-05T06:26:39.8070194Z   if-no-files-found: warn
deploy-kubernetes	Run actions/upload-artifact@v4	2026-10-05T06:26:39.8070431Z   compression-level: 6
deploy-kubernetes	Run actions/upload-artifact@v4	2026-10-05T06:26:39.8070654Z   overwrite: false
deploy-kubernetes	Run actions/upload-artifact@v4	2026-10-05T06:26:39.8070872Z   include-hidden-files: false
deploy-kubernetes	Run actions/upload-artifact@v4	2026-10-05T06:26:39.8071111Z ##[endgroup]
deploy-kubernetes	Run actions/upload-artifact@v4	2026-10-05T06:26:39.9741147Z (node:12624) [DEP0040] DeprecationWarning: The `punycode` module is deprecated. Please use a userland alternative instead.
deploy-kubernetes	Run actions/upload-artifact@v4	2026-10-05T06:26:39.9742034Z (Use `node --trace-deprecation ...` to show where the warning was created)
deploy-kubernetes	Run actions/upload-artifact@v4	2026-10-05T06:26:39.9795045Z With the provided path, there will be 1 file uploaded
deploy-kubernetes	Run actions/upload-artifact@v4	2026-10-05T06:26:39.9802078Z Artifact name is valid!
deploy-kubernetes	Run actions/upload-artifact@v4	2026-10-05T06:26:39.9803407Z Root directory input is valid!
deploy-kubernetes	Run actions/upload-artifact@v4	2026-10-05T06:26:40.3727574Z Beginning upload of artifact content to blob storage
deploy-kubernetes	Run actions/upload-artifact@v4	2026-10-05T06:26:40.3919915Z (node:12624) [DEP0169] DeprecationWarning: `url.parse()` behavior is not standardized and prone to errors that have security implications. Use the WHATWG URL API instead. CVEs are not issued for `url.parse()` vulnerabilities.
deploy-kubernetes	Run actions/upload-artifact@v4	2026-10-05T06:26:40.6777037Z Uploaded bytes 778
deploy-kubernetes	Run actions/upload-artifact@v4	2026-10-05T06:26:40.7571848Z Finished uploading artifact content to blob storage!
deploy-kubernetes	Run actions/upload-artifact@v4	2026-10-05T06:26:40.7573271Z SHA256 digest of uploaded artifact zip is 51b592c7bbae718ff85d9b54338c9f2275eaaacde845e530db1a93369dc69e30
deploy-kubernetes	Run actions/upload-artifact@v4	2026-10-05T06:26:40.7574898Z Finalizing artifact upload
deploy-kubernetes	Run actions/upload-artifact@v4	2026-10-05T06:26:41.0176701Z Artifact kubernetes-deployment-report.zip successfully finalized. Artifact ID 11328821800
deploy-kubernetes	Run actions/upload-artifact@v4	2026-10-05T06:26:41.0178380Z Artifact kubernetes-deployment-report has been successfully uploaded! Final size is 778 bytes. Artifact ID is 11328821800
deploy-kubernetes	Run actions/upload-artifact@v4	2026-10-05T06:26:41.0182749Z Artifact download URL: https://github.com/rajasurya-rjs/devops-heros/actions/runs/37272214475/artifacts/11328821800
deploy-kubernetes	Post Create isolated CI Kubernetes cluster	﻿2026-10-05T06:26:41.0351077Z Post job cleanup.
deploy-kubernetes	Post Create isolated CI Kubernetes cluster	2026-10-05T06:26:41.0756285Z Error response from daemon: No such container: kind-registry
deploy-kubernetes	Post Create isolated CI Kubernetes cluster	2026-10-05T06:26:41.0902641Z Deleting cluster "homework-ci" ...
deploy-kubernetes	Post Create isolated CI Kubernetes cluster	2026-10-05T06:26:42.2855501Z Deleted nodes: ["homework-ci-control-plane"]
deploy-kubernetes	Post Run actions/checkout@v4	﻿2026-10-05T06:26:42.2976511Z Post job cleanup.
deploy-kubernetes	Post Run actions/checkout@v4	2026-10-05T06:26:42.3826107Z [command]/usr/bin/git version
deploy-kubernetes	Post Run actions/checkout@v4	2026-10-05T06:26:42.3867599Z git version 2.55.0
deploy-kubernetes	Post Run actions/checkout@v4	2026-10-05T06:26:42.3905491Z Temporarily overriding HOME='/home/runner/work/_temp/d41687f0-ee6f-4a55-a26f-1fae008e6173' before making global git config changes
deploy-kubernetes	Post Run actions/checkout@v4	2026-10-05T06:26:42.3906904Z Adding repository directory to the temporary git global config as a safe directory
deploy-kubernetes	Post Run actions/checkout@v4	2026-10-05T06:26:42.3910852Z [command]/usr/bin/git config --global --add safe.directory /home/runner/work/devops-heros/devops-heros
deploy-kubernetes	Post Run actions/checkout@v4	2026-10-05T06:26:42.3951298Z [command]/usr/bin/git config --local --name-only --get-regexp core\.sshCommand
deploy-kubernetes	Post Run actions/checkout@v4	2026-10-05T06:26:42.4006701Z [command]/usr/bin/git submodule foreach --recursive sh -c "git config --local --name-only --get-regexp 'core\.sshCommand' && git config --local --unset-all 'core.sshCommand' || :"
deploy-kubernetes	Post Run actions/checkout@v4	2026-10-05T06:26:42.4250576Z [command]/usr/bin/git config --local --name-only --get-regexp http\.https\:\/\/github\.com\/\.extraheader
deploy-kubernetes	Post Run actions/checkout@v4	2026-10-05T06:26:42.4281090Z http.https://github.com/.extraheader
deploy-kubernetes	Post Run actions/checkout@v4	2026-10-05T06:26:42.4293700Z [command]/usr/bin/git config --local --unset-all http.https://github.com/.extraheader
deploy-kubernetes	Post Run actions/checkout@v4	2026-10-05T06:26:42.4332069Z [command]/usr/bin/git submodule foreach --recursive sh -c "git config --local --name-only --get-regexp 'http\.https\:\/\/github\.com\/\.extraheader' && git config --local --unset-all 'http.https://github.com/.extraheader' || :"
deploy-kubernetes	Post Run actions/checkout@v4	2026-10-05T06:26:42.4592376Z [command]/usr/bin/git config --local --name-only --get-regexp ^includeIf\.gitdir:
deploy-kubernetes	Post Run actions/checkout@v4	2026-10-05T06:26:42.4634124Z [command]/usr/bin/git submodule foreach --recursive git config --local --show-origin --name-only --get-regexp remote.origin.url
deploy-kubernetes	Complete job	﻿2026-10-05T06:26:42.5080624Z Cleaning up orphan processes
deploy-kubernetes	Complete job	2026-10-05T06:26:42.5483753Z ##[warning]Node.js 20 is deprecated. The following actions target Node.js 20 but are being forced to run on Node.js 24: actions/checkout@v4, actions/download-artifact@v4, actions/upload-artifact@v4, azure/setup-helm@v4, helm/kind-action@v1.12.0. For more information see: https://github.blog/changelog/2025-09-19-deprecation-of-node-20-on-github-actions-runners/
